 Argentina,Juan José Imhoff,7 tries,https://en.wikipedia.org/wiki/Juan_Jos%C3%A9_Imhoff
 Argentina,Pablo Bouza,4 tries,https://en.wikipedia.org/wiki/Pablo_Bouza
 Argentina,Felipe Contepomi,4 tries,https://en.wikipedia.org/wiki/Felipe_Contepomi
 Argentina,Ignacio Corleto,4 tries,https://en.wikipedia.org/wiki/Ignacio_Corleto
 Argentina,Martín Gaitán,4 tries,https://en.wikipedia.org/wiki/Mart%C3%ADn_Gait%C3%A1n
 Argentina,Lucas Borges,3 tries,https://en.wikipedia.org/wiki/Lucas_Borges
 Argentina,Manuel Contepomi,3 tries,https://en.wikipedia.org/wiki/Manuel_Contepomi
 Argentina,Santiago Cordero,3 tries,https://en.wikipedia.org/wiki/Santiago_Cordero
 Argentina,Juan Martín Hernández,3 tries,https://en.wikipedia.org/wiki/Juan_Mart%C3%ADn_Hern%C3%A1ndez
 Argentina,Juan Manuel Leguizamón,3 tries,https://en.wikipedia.org/wiki/Juan_Manuel_Leguizam%C3%B3n
 Argentina,Martín Terán,3 tries,https://en.wikipedia.org/wiki/Mart%C3%ADn_Ter%C3%A1n
 Argentina,Horacio Agulla,2 tries,https://en.wikipedia.org/wiki/Horacio_Agulla
 Argentina,Diego Albanese,2 tries,https://en.wikipedia.org/wiki/Diego_Albanese
 Argentina,Federico Martín Aramburú,2 tries,https://en.wikipedia.org/wiki/Federico_Mart%C3%ADn_Arambur%C3%BA
 Argentina,Lisandro Arbizu,2 tries,https://en.wikipedia.org/wiki/Lisandro_Arbizu
 Argentina,Tomás Cubelli,2 tries,https://en.wikipedia.org/wiki/Tom%C3%A1s_Cubelli
 Argentina,Nicolás Fernández Miranda,2 tries,https://en.wikipedia.org/wiki/Nicol%C3%A1s_Fern%C3%A1ndez_Miranda
 Argentina,Lucas González Amorosino,2 tries,https://en.wikipedia.org/wiki/Lucas_Gonz%C3%A1lez_Amorosino
 Argentina,Juan Lanza,2 tries,https://en.wikipedia.org/wiki/Juan_Lanza
 Argentina,Julián Montoya,2 tries,https://en.wikipedia.org/wiki/Juli%C3%A1n_Montoya
 Argentina,Matías Moroni,2 tries,https://en.wikipedia.org/wiki/Mat%C3%ADas_Moroni
 Argentina,Agustín Pichot,2 tries,https://en.wikipedia.org/wiki/Agust%C3%ADn_Pichot
 Argentina,Joaquín Tuculet,2 tries,https://en.wikipedia.org/wiki/Joaqu%C3%ADn_Tuculet
 Argentina,Patricio Albacete,1 try,https://en.wikipedia.org/wiki/Patricio_Albacete
 Argentina,Matías Alemanno,1 try,https://en.wikipedia.org/wiki/Mat%C3%ADas_Alemanno
 Argentina,Alejandro Allub,1 try,https://en.wikipedia.org/wiki/Alejandro_Allub
 Argentina,José Cilley,1 try,https://en.wikipedia.org/wiki/Jos%C3%A9_Cilley
 Argentina,Matías Corral,1 try,https://en.wikipedia.org/wiki/Mat%C3%ADas_Corral
 Argentina,Rodrigo Crexell,1 try,https://en.wikipedia.org/wiki/Rodrigo_Crexell
 Argentina,Julio Farías Cabello,1 try,https://en.wikipedia.org/wiki/Julio_Far%C3%ADas_Cabello
 Argentina,Santiago Fernández,1 try,https://en.wikipedia.org/wiki/Santiago_Fern%C3%A1ndez_(rugby_union)
 Argentina,Juan Fernández Miranda,1 try,https://en.wikipedia.org/wiki/Juan_Fern%C3%A1ndez_Miranda
 Argentina,Genaro Fessia,1 try,https://en.wikipedia.org/wiki/Genaro_Fessia
 Argentina,Juan Figallo,1 try,https://en.wikipedia.org/wiki/Juan_Figallo
 Argentina,Fabio Gómez,1 try,https://en.wikipedia.org/wiki/Fabio_G%C3%B3mez
 Argentina,Agustín Gosio,1 try,https://en.wikipedia.org/wiki/Agust%C3%ADn_Gosio
 Argentina,Omar Hasan,1 try,https://en.wikipedia.org/wiki/Omar_Hasan
 Argentina,Facundo Isa,1 try,https://en.wikipedia.org/wiki/Facundo_Isa
 Argentina,Martín Landajo,1 try,https://en.wikipedia.org/wiki/Mart%C3%ADn_Landajo
 Argentina,Tomás Lavanini,1 try,https://en.wikipedia.org/wiki/Tom%C3%A1s_Lavanini
 Argentina,Gonzalo Longo,1 try,https://en.wikipedia.org/wiki/Gonzalo_Longo
 Argentina,Rolando Martin,1 try,https://en.wikipedia.org/wiki/Rolando_Martin
 Argentina,Federico Méndez,1 try,https://en.wikipedia.org/wiki/Federico_M%C3%A9ndez
 Argentina,Lucas Noguera Paz,1 try,https://en.wikipedia.org/wiki/Lucas_Noguera_Paz
 Argentina,Patricio Noriega,1 try,https://en.wikipedia.org/wiki/Patricio_Noriega
 Argentina,Juan Pablo Orlandi,1 try,https://en.wikipedia.org/wiki/Juan_Pablo_Orlandi
 Argentina,Guido Petti Pagadizábal,1 try,https://en.wikipedia.org/wiki/Guido_Petti_Pagadiz%C3%A1bal
 Argentina,Rodrigo Roncero,1 try,https://en.wikipedia.org/wiki/Rodrigo_Roncero
 Argentina,Nicolás Sánchez,1 try,https://en.wikipedia.org/wiki/Nicol%C3%A1s_S%C3%A1nchez_(rugby_union)
 Argentina,Leonardo Senatore,1 try,https://en.wikipedia.org/wiki/Leonardo_Senatore
 Argentina,Hernán Simon,1 try,https://en.wikipedia.org/w/index.php?title=Hern%C3%A1n_Simon&action=edit&redlink=1
 Argentina,Gonzalo Tiesi,1 try,https://en.wikipedia.org/wiki/Gonzalo_Tiesi
 Argentina,Federico Todeschini,1 try,https://en.wikipedia.org/wiki/Federico_Todeschini
 Australia,Drew Mitchell,14 tries,https://en.wikipedia.org/wiki/Drew_Mitchell
 Australia,Adam Ashley-Cooper,11 tries,https://en.wikipedia.org/wiki/Adam_Ashley-Cooper
 Australia,Chris Latham,11 tries,https://en.wikipedia.org/wiki/Chris_Latham_(rugby_player)
 Australia,David Campese,10 tries,https://en.wikipedia.org/wiki/David_Campese
 Australia,Matt Giteau,8 tries,https://en.wikipedia.org/wiki/Matt_Giteau
 Australia,Joe Roff,7 tries,https://en.wikipedia.org/wiki/Joe_Roff
 Australia,Matt Burke,6 tries,https://en.wikipedia.org/wiki/Matt_Burke
 Australia,Tim Horan,6 tries,https://en.wikipedia.org/wiki/Tim_Horan
 Australia,Lote Tuqiri,6 tries,https://en.wikipedia.org/wiki/Lote_Tuqiri
 Australia,Berrick Barnes,5 tries,https://en.wikipedia.org/wiki/Berrick_Barnes
 Australia,Matthew Burke,5 tries,https://en.wikipedia.org/wiki/Matthew_P._Burke
 Australia,Stirling Mortlock,5 tries,https://en.wikipedia.org/wiki/Stirling_Mortlock
 Australia,David Pocock,5 tries,https://en.wikipedia.org/wiki/David_Pocock
 Australia,Mat Rogers,5 tries,https://en.wikipedia.org/wiki/Mat_Rogers
 Australia,Rocky Elsom,4 tries,https://en.wikipedia.org/wiki/Rocky_Elsom
 Australia,Michael Lynagh,4 tries,https://en.wikipedia.org/wiki/Michael_Lynagh
 Australia,Ben McCalman,4 tries,https://en.wikipedia.org/wiki/Ben_McCalman
 Australia,George Smith,4 tries,https://en.wikipedia.org/wiki/George_Smith_(rugby_union)
 Australia,George Gregan,3 tries,https://en.wikipedia.org/wiki/George_Gregan
 Australia,Toutai Kefu,3 tries,https://en.wikipedia.org/wiki/Toutai_Kefu
 Australia,Tevita Kuridrani,3 tries,https://en.wikipedia.org/wiki/Tevita_Kuridrani
 Australia,Stephen Larkham,3 tries,https://en.wikipedia.org/wiki/Stephen_Larkham
 Australia,Andrew Slack,3 tries,https://en.wikipedia.org/wiki/Andrew_Slack
 Australia,Ben Tune,3 tries,https://en.wikipedia.org/wiki/Ben_Tune
 Australia,David Codey,2 tries,https://en.wikipedia.org/wiki/David_Codey
 Australia,Anthony Fainga'a,2 tries,https://en.wikipedia.org/wiki/Anthony_Fainga%27a
 Australia,Bernard Foley,2 tries,https://en.wikipedia.org/wiki/Bernard_Foley
 Australia,Michael Foley,2 tries,https://en.wikipedia.org/wiki/Michael_Foley_(rugby_union)
 Australia,Adam Freier,2 tries,https://en.wikipedia.org/wiki/Adam_Freier
 Australia,Peter Grigg,2 tries,https://en.wikipedia.org/wiki/Peter_Grigg
 Australia,Phil Kearns,2 tries,https://en.wikipedia.org/wiki/Phil_Kearns
 Australia,Andrew Leeds,2 tries,https://en.wikipedia.org/wiki/Andrew_Leeds
 Australia,David Lyons,2 tries,"https://en.wikipedia.org/wiki/David_Lyons_(rugby_union,_born_1980)"
 Australia,Sean McMahon,2 tries,https://en.wikipedia.org/wiki/Sean_McMahon
 Australia,Marty Roebuck,2 tries,https://en.wikipedia.org/wiki/Marty_Roebuck
 Australia,Brian Smith,2 tries,"https://en.wikipedia.org/wiki/Brian_Smith_(rugby,_born_1966)"
 Australia,Damian Smith,2 tries,https://en.wikipedia.org/wiki/Damian_Smith_(rugby_union)
 Australia,Morgan Turinui,2 tries,https://en.wikipedia.org/wiki/Morgan_Turinui
 Australia,Ben Alexander,1 try,https://en.wikipedia.org/wiki/Ben_Alexander_(rugby_union)
 Australia,Al Baxter,1 try,https://en.wikipedia.org/wiki/Al_Baxter
 Australia,Kurtley Beale,1 try,https://en.wikipedia.org/wiki/Kurtley_Beale
 Australia,Tony Daly,1 try,https://en.wikipedia.org/wiki/Tony_Daly
 Australia,Owen Finegan,1 try,https://en.wikipedia.org/wiki/Owen_Finegan
 Australia,Elton Flatley,1 try,https://en.wikipedia.org/wiki/Elton_Flatley
 Australia,Nathan Grey,1 try,https://en.wikipedia.org/wiki/Nathan_Grey_(rugby_union)
 Australia,Mark Hartill,1 try,https://en.wikipedia.org/wiki/Mark_Hartill
 Australia,Stephen Hoiles,1 try,https://en.wikipedia.org/wiki/Stephen_Hoiles
 Australia,Michael Hooper,1 try,https://en.wikipedia.org/wiki/Michael_Hooper_(rugby_union)
 Australia,Rob Horne,1 try,https://en.wikipedia.org/wiki/Rob_Horne
 Australia,James Horwill,1 try,https://en.wikipedia.org/wiki/James_Horwill
 Australia,Digby Ioane,1 try,https://en.wikipedia.org/wiki/Digby_Ioane
 Australia,Rod Kafer,1 try,https://en.wikipedia.org/wiki/Rod_Kafer
 Australia,Sekope Kepu,1 try,https://en.wikipedia.org/wiki/Sekope_Kepu
 Australia,Jason Little,1 try,https://en.wikipedia.org/wiki/Jason_Little_(rugby_player)
 Australia,Salesi Ma'afu,1 try,https://en.wikipedia.org/wiki/Salesi_Ma%27afu
 Australia,Pat McCabe,1 try,https://en.wikipedia.org/wiki/Pat_McCabe_(rugby_union)
 Australia,Andrew McIntyre,1 try,https://en.wikipedia.org/wiki/Andrew_McIntyre
 Australia,Stephen Moore,1 try,https://en.wikipedia.org/wiki/Stephen_Moore_(rugby_union)
 Australia,Dean Mumm,1 try,https://en.wikipedia.org/wiki/Dean_Mumm
 Australia,James O'Connor,1 try,https://en.wikipedia.org/wiki/James_O%27Connor_(rugby)
 Australia,Brett Papworth,1 try,https://en.wikipedia.org/wiki/Brett_Papworth
 Australia,Jeremy Paul,1 try,https://en.wikipedia.org/wiki/Jeremy_Paul
 Australia,Simon Poidevin,1 try,https://en.wikipedia.org/wiki/Simon_Poidevin
 Australia,John Roe,1 try,https://en.wikipedia.org/wiki/John_Roe_(rugby_union)
 Australia,Wendell Sailor,1 try,https://en.wikipedia.org/wiki/Wendell_Sailor
 Australia,Radike Samo,1 try,https://en.wikipedia.org/wiki/Radike_Samo
 Australia,Nathan Sharpe,1 try,https://en.wikipedia.org/wiki/Nathan_Sharpe
 Australia,Rob Simmons,1 try,https://en.wikipedia.org/wiki/Rob_Simmons_(rugby_union)
 Australia,Peter Slattery,1 try,https://en.wikipedia.org/wiki/Peter_Slattery
 Australia,Henry Speight,1 try,https://en.wikipedia.org/wiki/Henry_Speight
 Australia,Tiaan Straaus,1 try,https://en.wikipedia.org/wiki/Tiaan_Straaus
 Australia,Ilivasi Tabua,1 try,https://en.wikipedia.org/wiki/Ilivasi_Tabua
 Australia,Joe Tomane,1 try,https://en.wikipedia.org/wiki/Joe_Tomane
 Australia,Matt Toomua,1 try,https://en.wikipedia.org/wiki/Matt_Toomua
 Australia,Steve Tuynman,1 try,https://en.wikipedia.org/wiki/Steve_Tuynman
 Australia,Chris Whitaker,1 try,https://en.wikipedia.org/wiki/Chris_Whitaker
 Australia,David Wilson,1 try,"https://en.wikipedia.org/wiki/David_Wilson_(rugby_union,_born_1967)"
 Canada,DTH van der Merwe,6 tries,https://en.wikipedia.org/wiki/DTH_van_der_Merwe
 Canada,Al Charron,4 tries,https://en.wikipedia.org/wiki/Al_Charron
 Canada,Morgan Williams,4 tries,https://en.wikipedia.org/wiki/Morgan_Williams_(Canadian_rugby_player)
 Canada,Rod Snow,3 tries,https://en.wikipedia.org/wiki/Rod_Snow
 Canada,Aaron Carpenter,2 tries,https://en.wikipedia.org/wiki/Aaron_Carpenter
 Canada,Phil Mackenzie,2 tries,https://en.wikipedia.org/wiki/Phil_Mackenzie
 Canada,Kyle Nichols,2 tries,https://en.wikipedia.org/w/index.php?title=Kyle_Nichols&action=edit&redlink=1
 Canada,Pat Palmer,2 tries,https://en.wikipedia.org/w/index.php?title=Pat_Palmer_(rugby_player)&action=edit&redlink=1
 Canada,Ryan Smith,2 tries,https://en.wikipedia.org/wiki/Ryan_Smith_(rugby_union)
 Canada,Winston Stanley,2 tries,https://en.wikipedia.org/wiki/Winston_Stanley
 Canada,Conor Trainor,2 tries,https://en.wikipedia.org/wiki/Conor_Trainor
 Canada,Paul Vaesen,2 tries,https://en.wikipedia.org/w/index.php?title=Paul_Vaesen_(rugby_union)&action=edit&redlink=1
 Canada,Aaron Abrams,1 try,https://en.wikipedia.org/w/index.php?title=Aaron_Abrams_(rugby_union)&action=edit&redlink=1
 Canada,Mark Cardinal,1 try,https://en.wikipedia.org/wiki/Mark_Cardinal
 Canada,Jamie Cudmore,1 try,https://en.wikipedia.org/wiki/Jamie_Cudmore
 Canada,Craig Culpan,1 try,https://en.wikipedia.org/wiki/Craig_Culpan
 Canada,Glen Ennis,1 try,https://en.wikipedia.org/wiki/Glen_Ennis
 Canada,Matt Evans,1 try,https://en.wikipedia.org/wiki/Matt_Evans_(rugby_union)
 Canada,Sean Fauth,1 try,https://en.wikipedia.org/w/index.php?title=Sean_Fauth&action=edit&redlink=1
 Canada,Rob Frame,1 try,https://en.wikipedia.org/w/index.php?title=Rob_Frame&action=edit&redlink=1
 Canada,Quentin Fyffe,1 try,https://en.wikipedia.org/w/index.php?title=Quentin_Fyffe&action=edit&redlink=1
 Canada,Jeff Hassler,1 try,https://en.wikipedia.org/wiki/Jeff_Hassler
 Canada,Mike James,1 try,https://en.wikipedia.org/wiki/Mike_James_(rugby)
 Canada,Colin McKenzie,1 try,https://en.wikipedia.org/w/index.php?title=Colin_McKenzie_(rugby_union)&action=edit&redlink=1
 Canada,Gordon McKinnon,1 try,https://en.wikipedia.org/w/index.php?title=Gordon_McKinnon&action=edit&redlink=1
 Canada,Ander Monro,1 try,https://en.wikipedia.org/wiki/Ander_Monro
 Canada,Pat Riordan,1 try,https://en.wikipedia.org/wiki/Pat_Riordan
 Canada,Robert Ross,1 try,https://en.wikipedia.org/wiki/Bobby_Ross_(rugby)
 Canada,Jebb Sinclair,1 try,https://en.wikipedia.org/wiki/Jebb_Sinclair
 Canada,Scott Stewart,1 try,https://en.wikipedia.org/wiki/Scott_Stewart_(rugby_player)
 Canada,Ian Stuart,1 try,https://en.wikipedia.org/w/index.php?title=Ian_Stuart_(rugby_union)&action=edit&redlink=1
 Canada,Kevin Tkachuk,1 try,https://en.wikipedia.org/wiki/Kevin_Tkachuk
 Canada,Chris Tynan,1 try,https://en.wikipedia.org/wiki/Chris_Tynan
 Canada,Mark Wyatt,1 try,https://en.wikipedia.org/wiki/Mark_Wyatt_(Canadian_rugby_player)
 Ivory Coast,Aboubakar Camara,1 try,https://en.wikipedia.org/wiki/Aboubakar_Camara
 Ivory Coast,Alfred Okou,1 try,https://en.wikipedia.org/wiki/Alfred_Okou
 Ivory Coast,Aboubacar Soulama,1 try,https://en.wikipedia.org/wiki/Aboubacar_Soulama
 England,Rory Underwood,11 tries,https://en.wikipedia.org/wiki/Rory_Underwood
 England,Will Greenwood,7 tries,https://en.wikipedia.org/wiki/Will_Greenwood
 England,Chris Ashton,6 tries,https://en.wikipedia.org/wiki/Chris_Ashton
 England,Josh Lewsey,6 tries,https://en.wikipedia.org/wiki/Josh_Lewsey
 England,Dan Luger,6 tries,https://en.wikipedia.org/wiki/Dan_Luger
 England,Neil Back,5 tries,https://en.wikipedia.org/wiki/Neil_Back
 England,Mike Harrison,5 tries,https://en.wikipedia.org/wiki/Mike_Harrison_(rugby_union)
 England,Jason Robinson,5 tries,https://en.wikipedia.org/wiki/Jason_Robinson_(rugby_player)
 England,Will Carling,4 tries,https://en.wikipedia.org/wiki/Will_Carling
 England,Mark Cueto,4 tries,https://en.wikipedia.org/wiki/Mark_Cueto
 England,Jeremy Guscott,4 tries,https://en.wikipedia.org/wiki/Jeremy_Guscott
 England,Paul Sackey,4 tries,https://en.wikipedia.org/wiki/Paul_Sackey
 England,Iain Balshaw,3 tries,https://en.wikipedia.org/wiki/Iain_Balshaw
 England,Martin Corry,3 tries,https://en.wikipedia.org/wiki/Martin_Corry_(rugby_union)
 England,Nick Easter,3 tries,https://en.wikipedia.org/wiki/Nick_Easter
 England,Phil Greening,3 tries,https://en.wikipedia.org/wiki/Phil_Greening
 England,Jack Nowell,3 tries,https://en.wikipedia.org/wiki/Jack_Nowell
 England,Anthony Watson,3 tries,https://en.wikipedia.org/wiki/Anthony_Watson_(rugby_union)
 England,Mike Brown,2 tries,https://en.wikipedia.org/wiki/Mike_Brown_(rugby_union)
 England,Mike Catt,2 tries,https://en.wikipedia.org/wiki/Mike_Catt
 England,Ben Cohen,2 tries,https://en.wikipedia.org/wiki/Ben_Cohen_(rugby_player)
 England,Matt Dawson,2 tries,https://en.wikipedia.org/wiki/Matt_Dawson
 England,Phil de Glanville,2 tries,https://en.wikipedia.org/wiki/Phil_de_Glanville
 England,Ben Foden,2 tries,https://en.wikipedia.org/wiki/Ben_Foden
 England,Andy Gomarsall,2 tries,https://en.wikipedia.org/wiki/Andy_Gomarsall
 England,Shontayne Hape,2 tries,https://en.wikipedia.org/wiki/Shontayne_Hape
 England,Austin Healey,2 tries,https://en.wikipedia.org/wiki/Austin_Healey
 England,Richard Hill,2 tries,https://en.wikipedia.org/wiki/Richard_Hill_(flanker)
 England,Matt Perry,2 tries,https://en.wikipedia.org/wiki/Matt_Perry_(rugby_player)
 England,Manu Tuilagi,2 tries,https://en.wikipedia.org/wiki/Manu_Tuilagi
 England,Tony Underwood,2 tries,https://en.wikipedia.org/wiki/Tony_Underwood
 England,Peter Winterbottom,2 tries,https://en.wikipedia.org/wiki/Peter_Winterbottom
 England,Ben Youngs,2 tries,https://en.wikipedia.org/wiki/Ben_Youngs
 England,Stuart Abbott,1 try,https://en.wikipedia.org/wiki/Stuart_Abbott
 England,Delon Armitage,1 try,https://en.wikipedia.org/wiki/Delon_Armitage
 England,Olly Barkley,1 try,https://en.wikipedia.org/wiki/Olly_Barkley
 England,Nick Beal,1 try,https://en.wikipedia.org/wiki/Nick_Beal
 England,Tom Croft,1 try,https://en.wikipedia.org/wiki/Tom_Croft
 England,Lawrence Dallaglio,1 try,https://en.wikipedia.org/wiki/Lawrence_Dallaglio
 England,Matt Dawson,1 try,https://en.wikipedia.org/wiki/Matt_Dawson
 England,Wade Dooley,1 try,https://en.wikipedia.org/wiki/Wade_Dooley
 England,Andy Farrell,1 try,https://en.wikipedia.org/wiki/Andy_Farrell
 England,Nigel Heslop,1 try,https://en.wikipedia.org/wiki/Nigel_Heslop
 England,Jonny May,1 try,https://en.wikipedia.org/wiki/Jonny_May
 England,Lewis Moody,1 try,https://en.wikipedia.org/wiki/Lewis_Moody
 England,Nigel Redman,1 try,https://en.wikipedia.org/wiki/Nigel_Redman
 England,Gary Rees,1 try,https://en.wikipedia.org/wiki/Gary_Rees
 England,Tom Rees,1 try,https://en.wikipedia.org/wiki/Tom_Rees_(rugby_player)
 England,Mark Regan,1 try,https://en.wikipedia.org/wiki/Mark_Regan
 England,Dean Richards,1 try,https://en.wikipedia.org/wiki/Dean_Richards_(rugby_player)
 England,Jamie Salmon,1 try,https://en.wikipedia.org/wiki/Jamie_Salmon
 England,Kevin Simms,1 try,https://en.wikipedia.org/wiki/Kevin_Simms
 England,Micky Skinner,1 try,https://en.wikipedia.org/wiki/Michael_Skinner_(rugby_union)
 England,Henry Slade,1 try,https://en.wikipedia.org/wiki/Henry_Slade_(rugby_player)
 England,Mathew Tait,1 try,https://en.wikipedia.org/wiki/Mathew_Tait
 England,Steve Thompson,1 try,https://en.wikipedia.org/wiki/Steve_Thompson_(rugby_union)
 England,Mike Tindall,1 try,https://en.wikipedia.org/wiki/Mike_Tindall
 England,Phil Vickery,1 try,https://en.wikipedia.org/wiki/Phil_Vickery_(rugby_player)
 England,Billy Vunipola,1 try,https://en.wikipedia.org/wiki/Billy_Vunipola
 England,Jonathan Webb,1 try,https://en.wikipedia.org/wiki/Jonathan_Webb
 England,Jonny Wilkinson,1 try,https://en.wikipedia.org/wiki/Jonny_Wilkinson
 Fiji,Vereniki Goneva,5 tries,https://en.wikipedia.org/wiki/Vereniki_Goneva
 Fiji,Viliame Satala,4 tries,https://en.wikipedia.org/wiki/Viliame_Satala
 Fiji,Rupeni Caucaunibuca,3 tries,https://en.wikipedia.org/wiki/Rupeni_Caucaunibuca
 Fiji,Vilimoni Delasau,3 tries,https://en.wikipedia.org/wiki/Vilimoni_Delasau
 Fiji,Fero Lasagavibau,3 tries,https://en.wikipedia.org/wiki/Fero_Lasagavibau
 Fiji,Kele Leawere,3 tries,https://en.wikipedia.org/wiki/Kele_Leawere
 Fiji,Akapusi Qera,3 tries,https://en.wikipedia.org/wiki/Akapusi_Qera
 Fiji,Norman Ligairi,2 tries,https://en.wikipedia.org/wiki/Norman_Ligairi
 Fiji,Nemani Nadolo,2 tries,https://en.wikipedia.org/wiki/Nemani_Nadolo
 Fiji,Apisai Naevo,2 tries,https://en.wikipedia.org/wiki/Apisai_Naevo
 Fiji,Salacieli Naivilawasa,2 tries,https://en.wikipedia.org/wiki/Salacieli_Naivilawasa
 Fiji,Leone Nakarawa,2 tries,https://en.wikipedia.org/wiki/Leone_Nakarawa
 Fiji,Kameli Ratuvou,2 tries,https://en.wikipedia.org/wiki/Kameli_Ratuvou
 Fiji,Imanueli Tikomaimakogia,2 tries,https://en.wikipedia.org/w/index.php?title=Imanueli_Tikomaimakogia&action=edit&redlink=1
 Fiji,Aisea Tuilevu,2 tries,https://en.wikipedia.org/wiki/Aisea_Tuilevu
 Fiji,Marika Vunibaka,2 tries,https://en.wikipedia.org/wiki/Marika_Vunibaka
 Fiji,Jioji Cama,1 try,https://en.wikipedia.org/wiki/Jioji_Cama
 Fiji,Tevita Cavubati,1 try,https://en.wikipedia.org/wiki/Tevita_Cavubati
 Fiji,Jimi Damu,1 try,https://en.wikipedia.org/wiki/Jimi_Damu
 Fiji,Graham Dewes,1 try,https://en.wikipedia.org/wiki/Graham_Dewes
 Fiji,Peceli Gale,1 try,https://en.wikipedia.org/wiki/Peceli_Gale
 Fiji,Emori Katalau,1 try,https://en.wikipedia.org/wiki/Emori_Katalau
 Fiji,Nemia Kenatale,1 try,https://en.wikipedia.org/wiki/Nemia_Kenatale
 Fiji,Kini Murimurivalu,1 try,https://en.wikipedia.org/wiki/Kini_Murimurivalu
 Fiji,Setareki Naivaluwaqa,1 try,https://en.wikipedia.org/w/index.php?title=Setareki_Naivaluwaqa&action=edit&redlink=1
 Fiji,Mali Nakauta,1 try,https://en.wikipedia.org/w/index.php?title=Mali_Nakauta&action=edit&redlink=1
 Fiji,Kavekini Nalaga,1 try,https://en.wikipedia.org/wiki/Kavekini_Nalaga
 Fiji,Napolioni Nalaga,1 try,https://en.wikipedia.org/wiki/Napolioni_Nalaga
 Fiji,Pita Naruma,1 try,https://en.wikipedia.org/wiki/Pita_Naruma
 Fiji,Isoa Neivua,1 try,https://en.wikipedia.org/wiki/Isoa_Neivua
 Fiji,Manasa Qoro,1 try,https://en.wikipedia.org/wiki/Manasa_Qoro
 Fiji,Seru Rabeni,1 try,https://en.wikipedia.org/wiki/Seru_Rabeni
 Fiji,Aca Ratuva,1 try,https://en.wikipedia.org/wiki/Aca_Ratuva
 Fiji,Jacob Raulini,1 try,https://en.wikipedia.org/w/index.php?title=Jacob_Raulini&action=edit&redlink=1
 Fiji,Iliatia Savai,1 try,https://en.wikipedia.org/w/index.php?title=Iliatia_Savai&action=edit&redlink=1
 Fiji,Greg Smith,1 try,https://en.wikipedia.org/wiki/Greg_Smith_(rugby_union)
 Fiji,Netani Talei,1 try,https://en.wikipedia.org/wiki/Netani_Talei
 Fiji,Alfred Uluinayau,1 try,https://en.wikipedia.org/wiki/Alfred_Uluinayau
 Fiji,Ben Volavola,1 try,https://en.wikipedia.org/wiki/Ben_Volavola
 Fiji,Alifereti Mocelutu Vuivau,1 try,https://en.wikipedia.org/w/index.php?title=Alifereti_Mocelutu_Vuivau&action=edit&redlink=1
 France,Vincent Clerc,11 tries,https://en.wikipedia.org/wiki/Vincent_Clerc
 France,Christophe Dominici,8 tries,https://en.wikipedia.org/wiki/Christophe_Dominici
 France,Jean-Baptiste Lafond,6 tries,https://en.wikipedia.org/wiki/Jean-Baptiste_Lafond
 France,Émile Ntamack,6 tries,https://en.wikipedia.org/wiki/%C3%89mile_Ntamack
 France,Didier Camberabero,5 tries,https://en.wikipedia.org/wiki/Didier_Camberabero
 France,Philippe Saint-André,5 tries,https://en.wikipedia.org/wiki/Philippe_Saint-Andr%C3%A9
 France,Philippe Sella,5 tries,https://en.wikipedia.org/wiki/Philippe_Sella
 France,Philippe Bernat-Salles,4 tries,https://en.wikipedia.org/wiki/Philippe_Bernat-Salles
 France,Denis Charvet,4 tries,https://en.wikipedia.org/wiki/Denis_Charvet
 France,Yannick Jauzion,4 tries,https://en.wikipedia.org/wiki/Yannick_Jauzion
 France,Thierry Lacroix,4 tries,https://en.wikipedia.org/wiki/Thierry_Lacroix
 France,Patrice Lagisquet,4 tries,https://en.wikipedia.org/wiki/Patrice_Lagisquet
 France,Lionel Nallet,4 tries,https://en.wikipedia.org/wiki/Lionel_Nallet
 France,Laurent Rodriguez,4 tries,https://en.wikipedia.org/wiki/Laurent_Rodriguez
 France,Thierry Dusautoir,3 tries,https://en.wikipedia.org/wiki/Thierry_Dusautoir
 France,Imanol Harinordoquy,3 tries,https://en.wikipedia.org/wiki/Imanol_Harinordoquy
 France,Brian Liebenberg,3 tries,https://en.wikipedia.org/wiki/Brian_Liebenberg
 France,Rodolphe Modin,3 tries,https://en.wikipedia.org/wiki/Rodolphe_Modin
 France,Ugo Mola,3 tries,https://en.wikipedia.org/wiki/Ugo_Mola
 France,Pierre Berbizier,2 tries,https://en.wikipedia.org/wiki/Pierre_Berbizier
 France,Serge Betsen,2 tries,https://en.wikipedia.org/wiki/Serge_Betsen
 France,Serge Blanco,2 tries,https://en.wikipedia.org/wiki/Serge_Blanco
 France,Julien Bonnaire,2 tries,https://en.wikipedia.org/wiki/Julien_Bonnaire
 France,Sébastien Chabal,2 tries,https://en.wikipedia.org/wiki/S%C3%A9bastien_Chabal
 France,Jean-Jacques Crenca,2 tries,https://en.wikipedia.org/wiki/Jean-Jacques_Crenca
 France,Richard Dourthe,2 tries,https://en.wikipedia.org/wiki/Richard_Dourthe
 France,Wesley Fofana,2 tries,https://en.wikipedia.org/wiki/Wesley_Fofana
 France,Xavier Garbajosa,2 tries,https://en.wikipedia.org/wiki/Xavier_Garbajosa
 France,Sofiane Guitoune,2 tries,https://en.wikipedia.org/wiki/Sofiane_Guitoune
 France,Raphaël Ibañez,2 tries,https://en.wikipedia.org/wiki/Rapha%C3%ABl_Iba%C3%B1ez
 France,Guy Laporte,2 tries,https://en.wikipedia.org/wiki/Guy_Laporte
 France,Alain Lorieux,2 tries,https://en.wikipedia.org/wiki/Alain_Lorieux
 France,Olivier Magne,2 tries,https://en.wikipedia.org/wiki/Olivier_Magne
 France,Frédéric Michalak,2 tries,https://en.wikipedia.org/wiki/Fr%C3%A9d%C3%A9ric_Michalak
 France,Yannick Nyanga,2 tries,https://en.wikipedia.org/wiki/Yannick_Nyanga
 France,Pascal Papé,2 tries,https://en.wikipedia.org/wiki/Pascal_Pap%C3%A9
 France,Clément Poitrenaud,2 tries,https://en.wikipedia.org/wiki/Cl%C3%A9ment_Poitrenaud
 France,Aurélien Rougerie,2 tries,https://en.wikipedia.org/wiki/Aur%C3%A9lien_Rougerie
 France,Olivier Roumat,2 tries,https://en.wikipedia.org/wiki/Olivier_Roumat
 France,Rabah Slimani,2 tries,https://en.wikipedia.org/wiki/Rabah_Slimani
 France,François Trinh-Duc,2 tries,https://en.wikipedia.org/wiki/Fran%C3%A7ois_Trinh-Duc
 France,Guy Accoceberry,1 try,https://en.wikipedia.org/wiki/Guy_Accoceberry
 France,Marc Andrieu,1 try,https://en.wikipedia.org/wiki/Marc_Andrieu
 France,Lionel Beauxis,1 try,https://en.wikipedia.org/wiki/Lionel_Beauxis
 France,Abdelatif Benazzi,1 try,https://en.wikipedia.org/wiki/Abdelatif_Benazzi
 France,Yannick Bru,1 try,https://en.wikipedia.org/wiki/Yannick_Bru
 France,Sébastien Bruno,1 try,https://en.wikipedia.org/wiki/S%C3%A9bastien_Bruno
 France,Nicolas Brusque,1 try,https://en.wikipedia.org/wiki/Nicolas_Brusque
 France,Thomas Castaignède,1 try,https://en.wikipedia.org/wiki/Thomas_Castaign%C3%A8de
 France,Arnaud Costes,1 try,https://en.wikipedia.org/wiki/Arnaud_Costes
 France,Daniel Dubroca,1 try,https://en.wikipedia.org/wiki/Daniel_Dubroca
 France,Pépito Elhorga,1 try,https://en.wikipedia.org/wiki/P%C3%A9pito_Elhorga
 France,Jean-Baptiste Élissalde,1 try,https://en.wikipedia.org/wiki/Jean-Baptiste_%C3%89lissalde
 France,Dominique Erbani,1 try,https://en.wikipedia.org/wiki/Dominique_Erbani
 France,Patrick Esteve,1 try,https://en.wikipedia.org/w/index.php?title=Patrick_Esteve&action=edit&redlink=1
 France,Gaël Fickou,1 try,https://en.wikipedia.org/wiki/Ga%C3%ABl_Fickou
 France,Fabien Galthié,1 try,https://en.wikipedia.org/wiki/Fabien_Galthi%C3%A9
 France,Stéphane Glas,1 try,https://en.wikipedia.org/wiki/St%C3%A9phane_Glas
 France,Rémy Grosso,1 try,https://en.wikipedia.org/wiki/R%C3%A9my_Grosso
 France,Guilhem Guirado,1 try,https://en.wikipedia.org/wiki/Guilhem_Guirado
 France,Aubin Hueber,1 try,https://en.wikipedia.org/wiki/Aubin_Hueber
 France,Cédric Heymans,1 try,https://en.wikipedia.org/wiki/C%C3%A9dric_Heymans
 France,Christophe Juillet,1 try,https://en.wikipedia.org/wiki/Christophe_Juillet
 France,Christophe Lamaison,1 try,https://en.wikipedia.org/wiki/Christophe_Lamaison
 France,Rémy Martin,1 try,https://en.wikipedia.org/wiki/R%C3%A9my_Martin_(rugby_union)
 France,David Marty,1 try,https://en.wikipedia.org/wiki/David_Marty
 France,Nicolas Mas,1 try,https://en.wikipedia.org/wiki/Nicolas_Mas
 France,Maxime Médard,1 try,https://en.wikipedia.org/wiki/Maxime_M%C3%A9dard
 France,Maxime Mermoz,1 try,https://en.wikipedia.org/wiki/Maxime_Mermoz
 France,Pierre Mignoni,1 try,https://en.wikipedia.org/wiki/Pierre_Mignoni
 France,Morgan Parra,1 try,https://en.wikipedia.org/wiki/Morgan_Parra
 France,Fabien Pelous,1 try,https://en.wikipedia.org/wiki/Fabien_Pelous
 France,Louis Picamoles,1 try,https://en.wikipedia.org/wiki/Louis_Picamoles
 France,Julien Pierre,1 try,https://en.wikipedia.org/wiki/Julien_Pierre
 France,Jean-Baptiste Poux,1 try,https://en.wikipedia.org/wiki/Jean-Baptiste_Poux
 France,William Téchoueyres,1 try,https://en.wikipedia.org/wiki/William_T%C3%A9choueyres
 France,Damien Traille,1 try,https://en.wikipedia.org/wiki/Damien_Traille
 France,Sébastien Viars,1 try,https://en.wikipedia.org/wiki/S%C3%A9bastien_Viars
 Georgia,Mamuka Gorgodze,3 tries,https://en.wikipedia.org/wiki/Mamuka_Gorgodze
 Georgia,Dimitri Basilaia,1 try,https://en.wikipedia.org/wiki/Dimitri_Basilaia
 Georgia,David Dadunashvili,1 try,https://en.wikipedia.org/wiki/David_Dadunashvili
 Georgia,Akvsenti Giorgadze,1 try,https://en.wikipedia.org/wiki/Akvsenti_Giorgadze
 Georgia,David Kacharava,1 try,https://en.wikipedia.org/wiki/David_Kacharava
 Georgia,Lasha Khmaladze,1 try,https://en.wikipedia.org/wiki/Lasha_Khmaladze
 Georgia,Irakli Machkhaneli,1 try,https://en.wikipedia.org/wiki/Irakli_Machkhaneli
 Georgia,Zviad Maissuradze,1 try,https://en.wikipedia.org/wiki/Zviad_Maissuradze
 Georgia,Lasha Malaghuradze,1 try,https://en.wikipedia.org/wiki/Lasha_Malaghuradze
 Georgia,Giorgi Shkinin,1 try,https://en.wikipedia.org/wiki/Giorgi_Shkinin
 Georgia,Giorgi Tkhilaishvili,1 try,https://en.wikipedia.org/wiki/Giorgi_Tkhilaishvili
 Georgia,Beka Tsiklauri,1 try,https://en.wikipedia.org/wiki/Beka_Tsiklauri
 Ireland,Keith Earls,8 tries,https://en.wikipedia.org/wiki/Keith_Earls
 Ireland,Brian O'Driscoll,7 tries,https://en.wikipedia.org/wiki/Brian_O%27Driscoll
 Ireland,Keith Wood,5 tries,https://en.wikipedia.org/wiki/Keith_Wood
 Ireland,Tommy Bowe,4 tries,https://en.wikipedia.org/wiki/Tommy_Bowe
 Ireland,Rob Kearney,4 tries,https://en.wikipedia.org/wiki/Rob_Kearney
 Ireland,Hugo MacNeill,4 tries,https://en.wikipedia.org/wiki/Hugo_MacNeill_(rugby_player)
 Ireland,Brian Robinson,4 tries,https://en.wikipedia.org/wiki/Brian_Robinson_(rugby_player)
 Ireland,Denis Hickie,3 tries,https://en.wikipedia.org/wiki/Denis_Hickie
 Ireland,Brendan Mullin,3 tries,https://en.wikipedia.org/wiki/Brendan_Mullin
 Ireland,Nick Popplewell,3 tries,https://en.wikipedia.org/wiki/Nick_Popplewell
 Ireland,Alan Quinlan,3 tries,https://en.wikipedia.org/wiki/Alan_Quinlan
 Ireland,Rory Best,2 tries,https://en.wikipedia.org/wiki/Rory_Best
 Ireland,David Corkery,2 tries,https://en.wikipedia.org/wiki/David_Corkery
 Ireland,Keith Crossan,2 tries,https://en.wikipedia.org/wiki/Keith_Crossan
 Ireland,Girvan Dempsey,2 tries,https://en.wikipedia.org/wiki/Girvan_Dempsey
 Ireland,Eric Elwood,2 tries,https://en.wikipedia.org/wiki/Eric_Elwood
 Ireland,Simon Geoghegan,2 tries,https://en.wikipedia.org/wiki/Simon_Geoghegan
 Ireland,Eddie Halvey,2 tries,https://en.wikipedia.org/wiki/Eddie_Halvey
 Ireland,Shane Horgan,2 tries,https://en.wikipedia.org/wiki/Shane_Horgan
 Ireland,Noel Mannion,2 tries,https://en.wikipedia.org/wiki/Noel_Mannion
 Ireland,Denis McBride,2 tries,https://en.wikipedia.org/wiki/Denis_McBride_(rugby_union)
 Ireland,Eric Miller,2 tries,https://en.wikipedia.org/wiki/Eric_Miller_(rugby_player)
 Ireland,Sean O'Brien,2 tries,https://en.wikipedia.org/wiki/Sean_O%27Brien_(rugby_player)
 Ireland,Conor O'Shea,2 tries,https://en.wikipedia.org/wiki/Conor_O%27Shea
 Ireland,Andrew Trimble,2 tries,https://en.wikipedia.org/wiki/Andrew_Trimble
 Ireland,Justin Bishop,1 try,https://en.wikipedia.org/wiki/Justin_Bishop_(rugby_player)
 Ireland,Isaac Boss,1 try,https://en.wikipedia.org/wiki/Isaac_Boss
 Ireland,Michael Bradley,1 try,https://en.wikipedia.org/wiki/Michael_Bradley_(rugby)
 Ireland,Tony Buckley,1 try,https://en.wikipedia.org/wiki/Tony_Buckley
 Ireland,Victor Costello,1 try,https://en.wikipedia.org/wiki/Victor_Costello
 Ireland,Sean Cronin,1 try,https://en.wikipedia.org/wiki/Sean_Cronin
 Ireland,David Curtis,1 try,https://en.wikipedia.org/wiki/David_Curtis
 Ireland,Guy Easterby,1 try,https://en.wikipedia.org/wiki/Guy_Easterby
 Ireland,Simon Easterby,1 try,https://en.wikipedia.org/wiki/Simon_Easterby
 Ireland,Luke Fitzgerald,1 try,https://en.wikipedia.org/wiki/Luke_Fitzgerald
 Ireland,Jerry Flannery,1 try,https://en.wikipedia.org/wiki/Jerry_Flannery
 Ireland,Neil Francis,1 try,https://en.wikipedia.org/wiki/Neil_Francis_(rugby_union)
 Ireland,Gary Halpin,1 try,https://en.wikipedia.org/wiki/Gary_Halpin
 Ireland,Gordon Hamilton,1 try,https://en.wikipedia.org/wiki/Gordon_Hamilton_(rugby_union)
 Ireland,Iain Henderson,1 try,https://en.wikipedia.org/wiki/Iain_Henderson
 Ireland,Chris Henry,1 try,https://en.wikipedia.org/wiki/Chris_Henry_(rugby_union)
 Ireland,Niall Hogan,1 try,https://en.wikipedia.org/wiki/Niall_Hogan
 Ireland,Marcus Horan,1 try,https://en.wikipedia.org/wiki/Marcus_Horan
 Ireland,David Humphreys,1 try,https://en.wikipedia.org/wiki/David_Humphreys_(rugby_player)
 Ireland,Shane Jennings,1 try,https://en.wikipedia.org/wiki/Shane_Jennings
 Ireland,David Kearney,1 try,https://en.wikipedia.org/wiki/Dave_Kearney
 Ireland,John Kelly,1 try,https://en.wikipedia.org/wiki/John_Kelly_(rugby_union)
 Ireland,Michael Kiernan,1 try,https://en.wikipedia.org/wiki/Michael_Kiernan
 Ireland,Kevin Maggs,1 try,https://en.wikipedia.org/wiki/Kevin_Maggs
 Ireland,Fergus McFadden,1 try,https://en.wikipedia.org/wiki/Fergus_McFadden
 Ireland,Geordan Murphy,1 try,https://en.wikipedia.org/wiki/Geordan_Murphy
 Ireland,Jordi Murphy,1 try,https://en.wikipedia.org/wiki/Jordi_Murphy
 Ireland,Conor Murray,1 try,https://en.wikipedia.org/wiki/Conor_Murray
 Ireland,Dion O'Cuinneagain,1 try,https://en.wikipedia.org/wiki/Dion_O%27Cuinneagain
 Ireland,Patrick O'Hara,1 try,https://en.wikipedia.org/wiki/Pat_O%27Hara_(rugby_union)
 Ireland,Jared Payne,1 try,https://en.wikipedia.org/wiki/Jared_Payne
 Ireland,Trevor Ringland,1 try,https://en.wikipedia.org/wiki/Trevor_Ringland
 Ireland,Jonathan Sexton,1 try,https://en.wikipedia.org/wiki/Jonathan_Sexton
 Ireland,Brian Spillane,1 try,https://en.wikipedia.org/wiki/Brian_Spillane
 Ireland,Jim Staples,1 try,https://en.wikipedia.org/wiki/Jim_Staples
 Ireland,Thomas Tierney,1 try,https://en.wikipedia.org/wiki/Thomas_Tierney
 Ireland,Andrew Ward,1 try,https://en.wikipedia.org/wiki/Andy_Ward_(rugby_player)
 Italy,Marcello Cuttitta,5 tries,https://en.wikipedia.org/wiki/Marcello_Cuttitta
 Italy,Paolo Vaccari,4 tries,https://en.wikipedia.org/wiki/Paolo_Vaccari
 Italy,Sergio Parisse,3 tries,https://en.wikipedia.org/wiki/Sergio_Parisse
 Italy,Tommaso Benvenuti,2 tries,https://en.wikipedia.org/wiki/Tommaso_Benvenuti
 Italy,Dennis Dallan,2 tries,https://en.wikipedia.org/wiki/Dennis_Dallan
 Italy,Diego Dominguez,2 tries,https://en.wikipedia.org/wiki/Diego_Dom%C3%ADnguez_(rugby_union)
 Italy,Edoardo Gori,2 tries,https://en.wikipedia.org/wiki/Edoardo_Gori
 Italy,Andrea Masi,2 tries,https://en.wikipedia.org/wiki/Andrea_Masi
 Italy,Giulio Toniolatti,2 tries,https://en.wikipedia.org/wiki/Giulio_Toniolatti
 Italy,Alessandro Zanni,2 tries,https://en.wikipedia.org/wiki/Alessandro_Zanni
 Italy,Tommaso Allan,1 try,https://en.wikipedia.org/wiki/Tommaso_Allan
 Italy,Stefano Barba,1 try,https://en.wikipedia.org/wiki/Stefano_Barba
 Italy,Mauro Bergamasco,1 try,https://en.wikipedia.org/wiki/Mauro_Bergamasco
 Italy,Mirco Bergamasco,1 try,https://en.wikipedia.org/wiki/Mirco_Bergamasco
 Italy,Massimo Bonomi,1 try,https://en.wikipedia.org/wiki/Massimo_Bonomi
 Italy,Martin Castrogiovanni,1 try,https://en.wikipedia.org/wiki/Martin_Castrogiovanni
 Italy,Giancarlo Cucchiella,1 try,https://en.wikipedia.org/wiki/Giancarlo_Cucchiella
 Italy,Massimo Cuttitta,1 try,https://en.wikipedia.org/wiki/Massimo_Cuttitta
 Italy,Manuel Dallan,1 try,https://en.wikipedia.org/wiki/Manuel_Dallan
 Italy,Santiago Dellapè,1 try,https://en.wikipedia.org/wiki/Santiago_Dellap%C3%A8
 Italy,Ivan Francescato,1 try,https://en.wikipedia.org/wiki/Ivan_Francescato
 Italy,Fabio Gaetaniello,1 try,https://en.wikipedia.org/wiki/Fabio_Gaetaniello
 Italy,Gonzalo Garcia,1 try,https://en.wikipedia.org/wiki/Gonzalo_Garcia_(rugby_player)
 Italy,Mario Gerosa,1 try,https://en.wikipedia.org/wiki/Mario_Gerosa
 Italy,Marzio Innocenti,1 try,https://en.wikipedia.org/wiki/Marzio_Innocenti
 Italy,Massimo Mascioletti,1 try,https://en.wikipedia.org/wiki/Massimo_Mascioletti
 Italy,Luke McLean,1 try,https://en.wikipedia.org/wiki/Luke_McLean
 Italy,Alessandro Moscardi,1 try,https://en.wikipedia.org/wiki/Alessandro_Moscardi
 Italy,Luciano Orquera,1 try,https://en.wikipedia.org/wiki/Luciano_Orquera
 Italy,Matthew Phillips,1 try,https://en.wikipedia.org/w/index.php?title=Matthew_Phillips&action=edit&redlink=1
 Italy,Michele Rizzo,1 try,https://en.wikipedia.org/wiki/Michele_Rizzo
 Italy,Leonardo Sarto,1 try,https://en.wikipedia.org/wiki/Leonardo_Sarto
 Italy,Marko Stanojevic,1 try,https://en.wikipedia.org/wiki/Marko_Stanojevic
 Italy,Alessandro Troncon,1 try,https://en.wikipedia.org/wiki/Alessandro_Troncon
 Italy,Giovanbattista Venditti,1 try,https://en.wikipedia.org/wiki/Giovanbattista_Venditti
 Japan,Eiji Kutsuki,4 tries,https://en.wikipedia.org/wiki/Eiji_Kutsuki
 Japan,Kosuke Endo,3 tries,https://en.wikipedia.org/wiki/Kosuke_Endo
 Japan,Hiroyuki Kajihara,3 tries,https://en.wikipedia.org/wiki/Hiroyuki_Kajihara
 Japan,Daisuke Ohata,3 tries,https://en.wikipedia.org/wiki/Daisuke_Ohata
 Japan,Hirotoki Onozawa,3 tries,https://en.wikipedia.org/wiki/Hirotoki_Onozawa
 Japan,Yoshihito Yoshida,3 tries,https://en.wikipedia.org/wiki/Yoshihito_Yoshida
 Japan,James Arlidge,2 tries,https://en.wikipedia.org/wiki/James_Arlidge
 Japan,Michael Leitch,2 tries,https://en.wikipedia.org/wiki/Michael_Leitch
 Japan,Amanaki Lelei Mafi,2 tries,https://en.wikipedia.org/wiki/Amanaki_Lelei_Mafi
 Japan,Terunori Masuho,2 tries,https://en.wikipedia.org/wiki/Terunori_Masuho
 Japan,Osamu Ota,2 tries,https://en.wikipedia.org/wiki/Osamu_Ota
 Japan,Nofomuli Taumoefolau,2 tries,https://en.wikipedia.org/wiki/Nofomuli_Taumoefolau
 Japan,Luke Thompson,2 tries,https://en.wikipedia.org/wiki/Luke_Thompson_(rugby_player)
 Japan,Tsuyoshi Fujita,1 try,https://en.wikipedia.org/wiki/Tsuyoshi_Fujita
 Japan,Yoshikazu Fujita,1 try,https://en.wikipedia.org/wiki/Yoshikazu_Fujita
 Japan,Ayumu Goromaru,1 try,https://en.wikipedia.org/wiki/Ayumu_Goromaru
 Japan,Kensuke Hatakeyama,1 try,https://en.wikipedia.org/wiki/Kensuke_Hatakeyama
 Japan,Toshiyuki Hayashi,1 try,https://en.wikipedia.org/wiki/Toshiyuki_Hayashi
 Japan,Karne Hesketh,1 try,https://en.wikipedia.org/wiki/Karne_Hesketh
 Japan,Seiji Hirao,1 try,https://en.wikipedia.org/wiki/Seiji_Hirao
 Japan,Shota Horie,1 try,https://en.wikipedia.org/wiki/Shota_Horie
 Japan,Masami Horikoshi,1 try,https://en.wikipedia.org/wiki/Masami_Horikoshi
 Japan,Takahiro Hosokawa,1 try,https://en.wikipedia.org/wiki/Takahiro_Hosokawa
 Japan,Ko Izawa,1 try,https://en.wikipedia.org/wiki/Ko_Izawa
 Japan,George Konia,1 try,https://en.wikipedia.org/wiki/George_Konia
 Japan,Toru Kurihara,1 try,https://en.wikipedia.org/wiki/Toru_Kurihara
 Japan,Sinali-Tui Latu,1 try,https://en.wikipedia.org/w/index.php?title=Sinali-Tui_Latu&action=edit&redlink=1
 Japan,Ekeroma Luaiufi,1 try,https://en.wikipedia.org/wiki/Ekeroma_Luaiufi
 Japan,Katsuhiro Matsuo,1 try,https://en.wikipedia.org/wiki/Katsuhiro_Matsuo
 Japan,Kotaro Matsushima,1 try,https://en.wikipedia.org/wiki/Kotaro_Matsushima
 Japan,Andrew Miller,1 try,https://en.wikipedia.org/wiki/Andrew_Miller_(rugby_player)
 Japan,Katsufumi Miyamoto,1 try,https://en.wikipedia.org/wiki/Katsufumi_Miyamoto
 Japan,Tomokazu Soma,1 try,https://en.wikipedia.org/wiki/Tomokazu_Soma
 Japan,Koji Taira,1 try,https://en.wikipedia.org/wiki/Koji_Taira
 Japan,Masanori Takura,1 try,https://en.wikipedia.org/wiki/Masanori_Takura
 Japan,Patiliai Tuidraki,1 try,https://en.wikipedia.org/wiki/Patiliai_Tuidraki
 Japan,Alisi Tupuailai,1 try,https://en.wikipedia.org/wiki/Alisi_Tupuailai
 Japan,Akihito Yamada,1 try,https://en.wikipedia.org/wiki/Akihito_Yamada
 Japan,Kojiro Yoshinaga,1 try,https://en.wikipedia.org/wiki/Kojiro_Yoshinaga
 Namibia,Jacques Burger,2 tries,https://en.wikipedia.org/wiki/Jacques_Burger
 Namibia,Heinz Koll,2 tries,https://en.wikipedia.org/wiki/Heinz_Koll
 Namibia,Theuns Kotzé,2 tries,https://en.wikipedia.org/wiki/Theuns_Kotz%C3%A9
 Namibia,Johann Tromp,2 tries,https://en.wikipedia.org/wiki/Johann_Tromp
 Namibia,Chrysander Botha,1 try,https://en.wikipedia.org/wiki/Chrysander_Botha
 Namibia,Johan Deysel,1 try,https://en.wikipedia.org/wiki/Johan_Deysel
 Namibia,JC Greyling,1 try,https://en.wikipedia.org/wiki/JC_Greyling
 Namibia,du Preez Grobler,1 try,https://en.wikipedia.org/wiki/Du_Preez_Grobler
 Namibia,Quinton Hough,1 try,https://en.wikipedia.org/w/index.php?title=Quinton_Hough&action=edit&redlink=1
 Namibia,Hakkies Husselman,1 try,https://en.wikipedia.org/wiki/Hakkies_Husselman
 Namibia,Eben Isaacs,1 try,https://en.wikipedia.org/w/index.php?title=Eben_Isaacs&action=edit&redlink=1
 Namibia,Mario Jacobs,1 try,https://en.wikipedia.org/w/index.php?title=Mario_Jacobs&action=edit&redlink=1
 Namibia,Eugene Jantjies,1 try,https://en.wikipedia.org/wiki/Eugene_Jantjies
 Namibia,Bradley Langenhoven,1 try,https://en.wikipedia.org/wiki/Bradley_Langenhoven
 Namibia,Jacques Nieuwenhuis,1 try,https://en.wikipedia.org/wiki/Jacques_Nieuwenhuis
 Namibia,Corne Powell,1 try,https://en.wikipedia.org/w/index.php?title=Corne_Powell&action=edit&redlink=1
 Namibia,Arthur Samuelson,1 try,https://en.wikipedia.org/w/index.php?title=Arthur_Samuelson&action=edit&redlink=1
 Namibia,Johannes Senekal,1 try,https://en.wikipedia.org/wiki/Johannes_Senekal
 Namibia,Danie van Wyk,1 try,https://en.wikipedia.org/wiki/Danie_van_Wyk
 Namibia,Piet van Zyl,1 try,https://en.wikipedia.org/wiki/Piet_van_Zyl_(Namibian_rugby_union_player)
 New Zealand,Jonah Lomu,15 tries,https://en.wikipedia.org/wiki/Jonah_Lomu
 New Zealand,Doug Howlett,13 tries,https://en.wikipedia.org/wiki/Doug_Howlett
 New Zealand,Joe Rokocoko,11 tries,https://en.wikipedia.org/wiki/Joe_Rokocoko
 New Zealand,Mils Muliaina,9 tries,https://en.wikipedia.org/wiki/Mils_Muliaina
 New Zealand,Jeff Wilson,9 tries,https://en.wikipedia.org/wiki/Jeff_Wilson_(sportsman)
 New Zealand,Julian Savea,8 tries,https://en.wikipedia.org/wiki/Julian_Savea
 New Zealand,Marc Ellis,7 tries,https://en.wikipedia.org/wiki/Marc_Ellis_(rugby_footballer)
 New Zealand,John Kirwan,7 tries,https://en.wikipedia.org/wiki/John_Kirwan_(rugby)
 New Zealand,Craig Green,6 tries,https://en.wikipedia.org/wiki/Craig_Green
 New Zealand,Jerome Kaino,6 tries,https://en.wikipedia.org/wiki/Jerome_Kaino
 New Zealand,Nehe Milner-Skudder,6 tries,https://en.wikipedia.org/wiki/Nehe_Milner-Skudder
 New Zealand,Ma'a Nonu,6 tries,https://en.wikipedia.org/wiki/Ma%27a_Nonu
 New Zealand,Israel Dagg,5 tries,https://en.wikipedia.org/wiki/Israel_Dagg
 New Zealand,John Gallagher,5 tries,https://en.wikipedia.org/wiki/John_Anthony_Gallagher
 New Zealand,David Kirk,5 tries,https://en.wikipedia.org/wiki/David_Kirk
 New Zealand,Leon MacDonald,5 tries,https://en.wikipedia.org/wiki/Leon_MacDonald
 New Zealand,Glen Osborne,5 tries,https://en.wikipedia.org/wiki/Glen_Osborne
 New Zealand,Alan Whetton,5 tries,https://en.wikipedia.org/wiki/Alan_Whetton
 New Zealand,Sonny Bill Williams,5 tries,https://en.wikipedia.org/wiki/Sonny_Bill_Williams
 New Zealand,Zac Guildford,4 tries,https://en.wikipedia.org/wiki/Zac_Guildford
 New Zealand,Richard Kahui,4 tries,https://en.wikipedia.org/wiki/Richard_Kahui
 New Zealand,Josh Kronfeld,4 tries,https://en.wikipedia.org/wiki/Josh_Kronfeld
 New Zealand,Walter Little,4 tries,https://en.wikipedia.org/wiki/Walter_Little_(rugby_player)
 New Zealand,Aaron Mauger,4 tries,https://en.wikipedia.org/wiki/Aaron_Mauger
 New Zealand,Caleb Ralph,4 tries,https://en.wikipedia.org/wiki/Caleb_Ralph
 New Zealand,Sitiveni Sivivatu,4 tries,https://en.wikipedia.org/wiki/Sitiveni_Sivivatu
 New Zealand,Conrad Smith,4 tries,https://en.wikipedia.org/wiki/Conrad_Smith
 New Zealand,Carlos Spencer,4 tries,https://en.wikipedia.org/wiki/Carlos_Spencer
 New Zealand,Isaia Toeava,4 tries,https://en.wikipedia.org/wiki/Isaia_Toeava
 New Zealand,Beauden Barrett,3 tries,https://en.wikipedia.org/wiki/Beauden_Barrett
 New Zealand,Zinzan Brooke,3 tries,https://en.wikipedia.org/wiki/Zinzan_Brooke
 New Zealand,Jerry Collins,3 tries,https://en.wikipedia.org/wiki/Jerry_Collins
 New Zealand,Andrew Hore,3 tries,https://en.wikipedia.org/wiki/Andrew_Hore
 New Zealand,Michael Jones,3 tries,https://en.wikipedia.org/wiki/Michael_Jones_(rugby_union)
 New Zealand,Byron Kelleher,3 tries,https://en.wikipedia.org/wiki/Byron_Kelleher
 New Zealand,Richie McCaw,3 tries,https://en.wikipedia.org/wiki/Richie_McCaw
 New Zealand,Kieran Read,3 tries,https://en.wikipedia.org/wiki/Kieran_Read
 New Zealand,Eric Rush,3 tries,https://en.wikipedia.org/wiki/Eric_Rush
 New Zealand,Rodney So'oialo,3 tries,https://en.wikipedia.org/wiki/Rodney_So%27oialo
 New Zealand,Joe Stanley,3 tries,https://en.wikipedia.org/wiki/Joe_Stanley
 New Zealand,Brad Thorn,3 tries,https://en.wikipedia.org/wiki/Brad_Thorn
 New Zealand,John Timu,3 tries,https://en.wikipedia.org/wiki/John_Timu_(rugby)
 New Zealand,Victor Vito,3 tries,https://en.wikipedia.org/wiki/Victor_Vito_(rugby_player)
 New Zealand,Ali Williams,3 tries,https://en.wikipedia.org/wiki/Ali_Williams
 New Zealand,Terry Wright,3 tries,https://en.wikipedia.org/wiki/Terry_Wright_(rugby_union)
 New Zealand,Robin Brooke,2 tries,https://en.wikipedia.org/wiki/Robin_Brooke
 New Zealand,"Frank Bunce

Bunce also scored one try for Samoa.

",2 tries,https://en.wikipedia.org/wiki/Frank_Bunce
 New Zealand,Sam Cane,2 tries,https://en.wikipedia.org/wiki/Sam_Cane
 New Zealand,Dan Carter,2 tries,https://en.wikipedia.org/wiki/Dan_Carter
 New Zealand,Andy Earl,2 tries,https://en.wikipedia.org/wiki/Andy_Earl_(rugby_union)
 New Zealand,Andy Ellis,2 tries,https://en.wikipedia.org/wiki/Andy_Ellis_(rugby_union)
 New Zealand,Nick Evans,2 tries,https://en.wikipedia.org/wiki/Nick_Evans_(rugby_union)
 New Zealand,Malakai Fekitoa,2 tries,https://en.wikipedia.org/wiki/Malakai_Fekitoa
 New Zealand,Craig Innes,2 tries,https://en.wikipedia.org/wiki/Craig_Innes
 New Zealand,Chris Jack,2 tries,https://en.wikipedia.org/wiki/Chris_Jack
 New Zealand,Tawera Kerr-Barlow,2 tries,https://en.wikipedia.org/wiki/Tawera_Kerr-Barlow
 New Zealand,Chris Masoe,2 tries,https://en.wikipedia.org/wiki/Chris_Masoe
 New Zealand,Keven Mealamu,2 tries,https://en.wikipedia.org/wiki/Keven_Mealamu
 New Zealand,Kees Meeuws,2 tries,https://en.wikipedia.org/wiki/Kees_Meeuws
 New Zealand,Wayne Shelford,2 tries,https://en.wikipedia.org/wiki/Wayne_Shelford
 New Zealand,Ben Smith,2 tries,https://en.wikipedia.org/wiki/Ben_Smith_(rugby_union)
 New Zealand,Adam Thomson,2 tries,https://en.wikipedia.org/wiki/Adam_Thomson_(rugby_union)
 New Zealand,Reuben Thorne,2 tries,https://en.wikipedia.org/wiki/Reuben_Thorne
 New Zealand,Va'aiga Tuigamala,2 tries,https://en.wikipedia.org/wiki/Va%27aiga_Tuigamala
 New Zealand,Tana Umaga,2 tries,https://en.wikipedia.org/wiki/Tana_Umaga
 New Zealand,Tony Woodcock,2 tries,https://en.wikipedia.org/wiki/Tony_Woodcock_(rugby_player)
 New Zealand,Graeme Bachop,1 try,https://en.wikipedia.org/wiki/Graeme_Bachop
 New Zealand,Daniel Braid,1 try,https://en.wikipedia.org/wiki/Daniel_Braid
 New Zealand,Mark Brooke-Cowden,1 try,https://en.wikipedia.org/wiki/Mark_Brooke-Cowden
 New Zealand,Tony Brown,1 try,https://en.wikipedia.org/wiki/Tony_Brown_(rugby_player)
 New Zealand,Dane Coles,1 try,https://en.wikipedia.org/wiki/Dane_Coles
 New Zealand,Jimmy Cowan,1 try,https://en.wikipedia.org/wiki/Jimmy_Cowan
 New Zealand,Kieran Crowley,1 try,https://en.wikipedia.org/wiki/Kieran_Crowley
 New Zealand,Simon Culhane,1 try,https://en.wikipedia.org/wiki/Simon_Culhane
 New Zealand,Christian Cullen,1 try,https://en.wikipedia.org/wiki/Christian_Cullen
 New Zealand,Craig Dowd,1 try,https://en.wikipedia.org/wiki/Craig_Dowd
 New Zealand,John Drake,1 try,https://en.wikipedia.org/wiki/John_Drake_(rugby_union)
 New Zealand,Sean Fitzpatrick,1 try,https://en.wikipedia.org/wiki/Sean_Fitzpatrick
 New Zealand,Corey Flynn,1 try,https://en.wikipedia.org/wiki/Corey_Flynn
 New Zealand,Daryl Gibson,1 try,https://en.wikipedia.org/wiki/Daryl_Gibson
 New Zealand,Mark Hammett,1 try,https://en.wikipedia.org/wiki/Mark_Hammett
 New Zealand,Carl Hayman,1 try,https://en.wikipedia.org/wiki/Carl_Hayman
 New Zealand,Paul Henderson,1 try,https://en.wikipedia.org/wiki/Paul_Henderson_(rugby_union)
 New Zealand,Jason Hewett,1 try,https://en.wikipedia.org/wiki/Jason_Hewett
 New Zealand,Marty Holah,1 try,https://en.wikipedia.org/wiki/Marty_Holah
 New Zealand,Alama Ieremia,1 try,https://en.wikipedia.org/wiki/Alama_Ieremia
 New Zealand,Cory Jane,1 try,https://en.wikipedia.org/wiki/Cory_Jane
 New Zealand,Richard Loe,1 try,https://en.wikipedia.org/wiki/Richard_Loe
 New Zealand,Brendon Leonard,1 try,https://en.wikipedia.org/wiki/Brendon_Leonard
 New Zealand,Justin Marshall,1 try,https://en.wikipedia.org/wiki/Justin_Marshall
 New Zealand,Norm Maxwell,1 try,https://en.wikipedia.org/wiki/Norm_Maxwell
 New Zealand,Luke McAlister,1 try,https://en.wikipedia.org/wiki/Luke_McAlister
 New Zealand,Bernie McCahill,1 try,https://en.wikipedia.org/wiki/Bernie_McCahill
 New Zealand,Steve McDowall,1 try,https://en.wikipedia.org/wiki/Steve_McDowall
 New Zealand,Andrew Mehrtens,1 try,https://en.wikipedia.org/wiki/Andrew_Mehrtens
 New Zealand,Dylan Mika,1 try,https://en.wikipedia.org/wiki/Dylan_Mika
 New Zealand,Waisake Naholo,1 try,https://en.wikipedia.org/wiki/Waisake_Naholo
 New Zealand,Graham Purvis,1 try,https://en.wikipedia.org/wiki/Graham_Purvis
 New Zealand,Taine Randell,1 try,https://en.wikipedia.org/wiki/Taine_Randell
 New Zealand,Brodie Retallick,1 try,https://en.wikipedia.org/wiki/Brodie_Retallick
 New Zealand,Scott Robertson,1 try,https://en.wikipedia.org/wiki/Scott_Robertson_(rugby_union)
 New Zealand,Colin Slade,1 try,https://en.wikipedia.org/wiki/Colin_Slade
 New Zealand,Aaron Smith,1 try,https://en.wikipedia.org/wiki/Aaron_Smith_(rugby_union)
 New Zealand,Codie Taylor,1 try,https://en.wikipedia.org/wiki/Codie_Taylor
 New Zealand,Warwick Taylor,1 try,https://en.wikipedia.org/wiki/Warwick_Taylor
 Portugal,Pedro Carvalho,1 try,https://en.wikipedia.org/wiki/Pedro_Carvalho
 Portugal,Rui Cordeiro,1 try,https://en.wikipedia.org/wiki/Rui_Cordeiro
 Portugal,Joaquim Ferreira,1 try,https://en.wikipedia.org/wiki/Joaquim_Ferreira
 Portugal,David Penalva,1 try,https://en.wikipedia.org/wiki/David_Penalva
 Romania,Marius Tincu,3 tries,https://en.wikipedia.org/wiki/Marius_Tincu
 Romania,Adrian Apostol,2 tries,https://en.wikipedia.org/wiki/Adrian_Apostol
 Romania,Mihai Macovei,2 tries,https://en.wikipedia.org/wiki/Mihai_Macovei
 Romania,Florica Murariu,2 tries,https://en.wikipedia.org/wiki/Florica_Murariu
 Romania,Catalin Sasu,2 tries,https://en.wikipedia.org/w/index.php?title=Catalin_Sasu&action=edit&redlink=1
 Romania,Cristian Sauan,2 tries,https://en.wikipedia.org/wiki/Cristian_Sauan
 Romania,Marcel Toader,2 tries,https://en.wikipedia.org/wiki/Marcel_Toader
 Romania,Daniel Carpo,1 try,https://en.wikipedia.org/wiki/Daniel_Carpo
 Romania,Ionel Cazan,1 try,https://en.wikipedia.org/wiki/Ionel_Cazan
 Romania,George Chiriac,1 try,https://en.wikipedia.org/wiki/George_Chiriac
 Romania,Florin Corodeanu,1 try,https://en.wikipedia.org/wiki/Florin_Corodeanu
 Romania,Tudor Constantin,1 try,https://en.wikipedia.org/w/index.php?title=Tudor_Constantin&action=edit&redlink=1
 Romania,Haralambie Dumitras,1 try,https://en.wikipedia.org/wiki/Haralambie_Dumitras
 Romania,Andrei Guranescu,1 try,https://en.wikipedia.org/w/index.php?title=Andrei_Guranescu&action=edit&redlink=1
 Romania,Liviu Hodorca,1 try,https://en.wikipedia.org/wiki/Liviu_Hodorca
 Romania,Gheorghe Ion,1 try,https://en.wikipedia.org/w/index.php?title=Gheorghe_Ion&action=edit&redlink=1
 Romania,Mihaita Lazăr,1 try,https://en.wikipedia.org/wiki/Mihaita_Laz%C4%83r
 Romania,Adrian Lungu,1 try,https://en.wikipedia.org/wiki/Adrian_Lungu
 Romania,Valentin Maftei,1 try,https://en.wikipedia.org/wiki/Valentin_Maftei
 Romania,Mircea Paraschiv,1 try,https://en.wikipedia.org/wiki/Mircea_Paraschiv
 Romania,Alin Petrache,1 try,https://en.wikipedia.org/wiki/Alin_Petrache
 Romania,Augustin Petrechei,1 try,https://en.wikipedia.org/wiki/Augustin_Petrechei
 Romania,Valentin Popîrlan,1 try,https://en.wikipedia.org/wiki/Valentin_Pop%C3%AErlan
 Romania,Lucian Sirbu,1 try,https://en.wikipedia.org/wiki/Lucian_Sirbu
 Romania,Gheorghe Solomie,1 try,https://en.wikipedia.org/wiki/Gheorghe_Solomie
 Romania,Ion Teodorescu,1 try,https://en.wikipedia.org/wiki/Ion_Teodorescu
 Romania,Petrişor Toderasc,1 try,https://en.wikipedia.org/wiki/Petri%C5%9For_Toderasc
 Romania,Ovidiu Toniţa,1 try,https://en.wikipedia.org/wiki/Ovidiu_Toni%C5%A3a
 Romania,Valentin Ursache,1 try,https://en.wikipedia.org/wiki/Valentin_Ursache
 Russia,Vladimir Ostroushko,2 tries,https://en.wikipedia.org/wiki/Vladimir_Ostroushko
 Russia,Denis Simplikevich,2 tries,https://en.wikipedia.org/wiki/Denis_Simplikevich
 Russia,Vasili Artemyev,1 try,https://en.wikipedia.org/wiki/Vasily_Artemyev
 Russia,Alexey Makovetskiy,1 try,https://en.wikipedia.org/wiki/Alexey_Makovetskiy
 Russia,Konstantin Rachkov,1 try,https://en.wikipedia.org/wiki/Konstantin_Rachkov
 Russia,Alexander Yanyushkin,1 try,https://en.wikipedia.org/wiki/Alexander_Yanyushkin
 Samoa,Brian Lima,10 tries,https://en.wikipedia.org/wiki/Brian_Lima
 Samoa,Alesana Tuilagi,4 tries,https://en.wikipedia.org/wiki/Alesana_Tuilagi
 Samoa,Stephen Bachop,3 tries,https://en.wikipedia.org/wiki/Stephen_Bachop
 Samoa,George Harder,3 tries,https://en.wikipedia.org/wiki/George_Harder
 Samoa,Semo Sititi,3 tries,https://en.wikipedia.org/wiki/Semo_Sititi
 Samoa,Maurie Fa'asavalu,2 tries,https://en.wikipedia.org/wiki/Maurie_Fa%27asavalu
 Samoa,Lome Fa'atau,2 tries,https://en.wikipedia.org/wiki/Lome_Fa%27atau
 Samoa,Dominic Feaunati,2 tries,https://en.wikipedia.org/wiki/Dominic_Feaunati
 Samoa,Kahn Fotuali'i,2 tries,https://en.wikipedia.org/wiki/Kahn_Fotuali%27i
 Samoa,Silao Laegailesolo,2 tries,https://en.wikipedia.org/w/index.php?title=Silao_Laegailesolo&action=edit&redlink=1
 Samoa,Pat Lam,2 tries,https://en.wikipedia.org/wiki/Pat_Lam
 Samoa,Opeta Palepoi,2 tries,https://en.wikipedia.org/wiki/Opeta_Palepoi
 Samoa,Fata Sini,2 tries,https://en.wikipedia.org/wiki/Fata_Sini
 Samoa,Afato So'oalo,2 tries,https://en.wikipedia.org/wiki/Afato_So%27oalo
 Samoa,George Stowers,2 tries,https://en.wikipedia.org/wiki/George_Stowers
 Samoa,Timo Tagaola,2 tries,https://en.wikipedia.org/w/index.php?title=Timo_Tagaola&action=edit&redlink=1
 Samoa,Sailosi Tagicakibau,2 tries,https://en.wikipedia.org/wiki/Sailosi_Tagicakibau
 Samoa,Shem Tatupu,2 tries,https://en.wikipedia.org/wiki/Shem_Tatupu
 Samoa,"Frank Bunce

Bunce also scored two tries for New Zealand.

",1 try,https://en.wikipedia.org/wiki/Frank_Bunce
 Samoa,Filiga Falaniko,1 try,https://en.wikipedia.org/w/index.php?title=Filiga_Falaniko&action=edit&redlink=1
 Samoa,Darren Kellet,1 try,https://en.wikipedia.org/w/index.php?title=Darren_Kellet&action=edit&redlink=1
 Samoa,George Leaupepe,1 try,https://en.wikipedia.org/wiki/George_Leaupepe
 Samoa,Rey Lee-Lo,1 try,https://en.wikipedia.org/wiki/Rey_Lee-Lo
 Samoa,Manu Leiataua,1 try,https://en.wikipedia.org/wiki/Manu_Leiataua
 Samoa,Simon Lemalu,1 try,https://en.wikipedia.org/wiki/Simon_Lemalu
 Samoa,Motu Matu'u,1 try,https://en.wikipedia.org/wiki/Motu_Matu%27u
 Samoa,Tim Nanai-Williams,1 try,https://en.wikipedia.org/wiki/Tim_Nanai-Williams
 Samoa,Toetu Nu'uali'itia,1 try,https://en.wikipedia.org/w/index.php?title=Toetu_Nu%27uali%27itia&action=edit&redlink=1
 Samoa,Peter Paramore,1 try,https://en.wikipedia.org/wiki/Peter_Paramore
 Samoa,Anthony Perenise,1 try,https://en.wikipedia.org/wiki/Anthony_Perenise
 Samoa,Paul Perez,1 try,https://en.wikipedia.org/wiki/Paul_Perez
 Samoa,Tusi Pisi,1 try,https://en.wikipedia.org/wiki/Tusi_Pisi
 Samoa,Junior Polu,1 try,https://en.wikipedia.org/wiki/Junior_Polu
 Samoa,Steve So'oialo,1 try,https://en.wikipedia.org/wiki/Steve_So%27oialo
 Samoa,Kane Thompson,1 try,https://en.wikipedia.org/wiki/Kane_Thompson
 Samoa,Ofisa Treviranus,1 try,https://en.wikipedia.org/wiki/Ofisa_Treviranus
 Samoa,Mike Umaga,1 try,https://en.wikipedia.org/wiki/Mike_Umaga
 Samoa,Earl Va'a,1 try,https://en.wikipedia.org/wiki/Earl_Va%27a
 Samoa,Sila Vaifale,1 try,https://en.wikipedia.org/wiki/Sila_Vaifale
 Samoa,To'o Veaga,1 try,https://en.wikipedia.org/w/index.php?title=To%27o_Veaga&action=edit&redlink=1
 Samoa,Tanner Vili,1 try,https://en.wikipedia.org/wiki/Tanner_Vili
 Samoa,Gavin Williams,1 try,https://en.wikipedia.org/wiki/Gavin_Williams_(rugby_union)
 Samoa,Paul Williams,1 try,https://en.wikipedia.org/wiki/Paul_Williams_(rugby_union)
 Scotland,Gavin Hastings,9 tries,https://en.wikipedia.org/wiki/Gavin_Hastings
 Scotland,Iwan Tukalo,7 tries,https://en.wikipedia.org/wiki/Iwan_Tukalo
 Scotland,John Jeffrey,6 tries,https://en.wikipedia.org/wiki/John_Jeffrey
 Scotland,Simon Danielli,5 tries,https://en.wikipedia.org/wiki/Simon_Danielli
 Scotland,Scott Hastings,5 tries,https://en.wikipedia.org/wiki/Scott_Hastings_(rugby_player)
 Scotland,Alan Tait,5 tries,https://en.wikipedia.org/wiki/Alan_Tait
 Scotland,Matt Duncan,4 tries,https://en.wikipedia.org/wiki/Matt_Duncan
 Scotland,Chris Paterson,4 tries,https://en.wikipedia.org/wiki/Chris_Paterson
 Scotland,Tommy Seymour,4 tries,https://en.wikipedia.org/wiki/Tommy_Seymour
 Scotland,Tony Stanger,4 tries,https://en.wikipedia.org/wiki/Tony_Stanger
 Scotland,Mark Bennett,3 tries,https://en.wikipedia.org/wiki/Mark_Bennett_(Scottish_rugby_player)
 Scotland,Ally Hogg,3 tries,https://en.wikipedia.org/wiki/Ally_Hogg
 Scotland,Rory Lamont,3 tries,https://en.wikipedia.org/wiki/Rory_Lamont
 Scotland,Martin Leslie,3 tries,https://en.wikipedia.org/wiki/Martin_Leslie_(rugby_union)
 Scotland,Cameron Murray,3 tries,https://en.wikipedia.org/wiki/Cameron_Murray_(rugby_union)
 Scotland,Doddie Weir,3 tries,https://en.wikipedia.org/wiki/Doddie_Weir
 Scotland,Derek White,3 tries,https://en.wikipedia.org/wiki/Derek_White_(rugby_union)
 Scotland,Gary Armstrong,2 tries,https://en.wikipedia.org/wiki/Gary_Armstrong_(rugby)
 Scotland,Craig Chalmers,2 tries,https://en.wikipedia.org/wiki/Craig_Chalmers
 Scotland,John Hardie,2 tries,https://en.wikipedia.org/wiki/John_Hardie_(rugby_player)
 Scotland,Kenny Logan,2 tries,https://en.wikipedia.org/wiki/Kenny_Logan
 Scotland,Cameron Mather,2 tries,https://en.wikipedia.org/wiki/Cameron_Mather
 Scotland,Iain Paxton,2 tries,https://en.wikipedia.org/wiki/Iain_Paxton
 Scotland,Robbie Russell,2 tries,https://en.wikipedia.org/wiki/Robbie_Russell_(rugby_player)
 Scotland,Graham Shiel,2 tries,https://en.wikipedia.org/wiki/Graham_Shiel
 Scotland,Gregor Townsend,2 tries,https://en.wikipedia.org/wiki/Gregor_Townsend
 Scotland,Peter Walton,2 tries,https://en.wikipedia.org/wiki/Peter_Walton_(rugby_player)
 Scotland,Joe Ansbro,1 try,https://en.wikipedia.org/wiki/Joe_Ansbro
 Scotland,Mike Blair,1 try,https://en.wikipedia.org/wiki/Mike_Blair
 Scotland,Kelly Brown,1 try,https://en.wikipedia.org/wiki/Kelly_Brown_(rugby_player)
 Scotland,Paul Burnell,1 try,https://en.wikipedia.org/wiki/Paul_Burnell
 Scotland,Chris Cusiter,1 try,https://en.wikipedia.org/wiki/Chris_Cusiter
 Scotland,Rob Dewey,1 try,https://en.wikipedia.org/wiki/Rob_Dewey
 Scotland,Ross Ford,1 try,https://en.wikipedia.org/wiki/Ross_Ford
 Scotland,Stuart Grimes,1 try,https://en.wikipedia.org/wiki/Stuart_Grimes
 Scotland,Duncan Hodge,1 try,https://en.wikipedia.org/wiki/Duncan_Hodge
 Scotland,Peter Horne,1 try,https://en.wikipedia.org/wiki/Peter_Horne
 Scotland,Gavin Kerr,1 try,https://en.wikipedia.org/wiki/Gavin_Kerr
 Scotland,Greig Laidlaw,1 try,https://en.wikipedia.org/wiki/Greig_Laidlaw
 Scotland,Scott Lawson,1 try,https://en.wikipedia.org/wiki/Scott_Lawson
 Scotland,Shaun Longstaff,1 try,https://en.wikipedia.org/wiki/Shaun_Longstaff
 Scotland,Sean Maitland,1 try,https://en.wikipedia.org/wiki/Sean_Maitland
 Scotland,James McLaren,1 try,https://en.wikipedia.org/wiki/James_McLaren
 Scotland,Glenn Metcalfe,1 try,https://en.wikipedia.org/wiki/Glenn_Metcalfe
 Scotland,WP Nel,1 try,https://en.wikipedia.org/wiki/WP_Nel
 Scotland,Greig Oliver,1 try,https://en.wikipedia.org/wiki/Greig_Oliver
 Scotland,Dan Parks,1 try,https://en.wikipedia.org/wiki/Dan_Parks
 Scotland,Eric Peters,1 try,https://en.wikipedia.org/wiki/Eric_Peters_(rugby_union)
 Scotland,Budge Pountney,1 try,https://en.wikipedia.org/wiki/Budge_Pountney
 Scotland,Finn Russell,1 try,https://en.wikipedia.org/wiki/Finn_Russell
 Scotland,Matt Scott,1 try,https://en.wikipedia.org/wiki/Matt_Scott_(rugby_union)
 Scotland,Gordon Simpson,1 try,https://en.wikipedia.org/wiki/Gordon_Simpson_(rugby_union)
 Scotland,Tom Smith,1 try,https://en.wikipedia.org/wiki/Tom_Smith_(rugby_union_player_born_1971)
 Scotland,Hugo Southwell,1 try,https://en.wikipedia.org/wiki/Hugo_Southwell
 Scotland,Simon Taylor,1 try,https://en.wikipedia.org/wiki/Simon_Taylor_(rugby_player)
 Scotland,Derek Turnbull,1 try,https://en.wikipedia.org/wiki/Derek_Turnbull_(rugby_union)
 Scotland,Tim Visser,1 try,https://en.wikipedia.org/wiki/Tim_Visser
 Scotland,Rob Wainwright,1 try,https://en.wikipedia.org/wiki/Rob_Wainwright_(rugby_union)
 Scotland,Duncan Weir,1 try,https://en.wikipedia.org/wiki/Duncan_Weir
 Scotland,Peter Wright,1 try,https://en.wikipedia.org/wiki/Peter_Wright_(rugby_union)
 South Africa,Bryan Habana,15 tries,https://en.wikipedia.org/wiki/Bryan_Habana
 South Africa,Jaque Fourie,9 tries,https://en.wikipedia.org/wiki/Jaque_Fourie
 South Africa,JP Pietersen,9 tries,https://en.wikipedia.org/wiki/JP_Pietersen
 South Africa,Danie Rossouw,6 tries,https://en.wikipedia.org/wiki/Danie_Rossouw
 South Africa,Juan Smith,5 tries,https://en.wikipedia.org/wiki/Juan_Smith
 South Africa,Joost van der Westhuizen,5 tries,https://en.wikipedia.org/wiki/Joost_van_der_Westhuizen
 South Africa,Schalk Burger,4 tries,https://en.wikipedia.org/wiki/Schalk_Burger
 South Africa,Adriaan Richter,4 tries,https://en.wikipedia.org/wiki/Adriaan_Richter
 South Africa,François Steyn,4 tries,https://en.wikipedia.org/wiki/Fran%C3%A7ois_Steyn
 South Africa,Chester Williams,4 tries,https://en.wikipedia.org/wiki/Chester_Williams
 South Africa,Bakkies Botha,3 tries,https://en.wikipedia.org/wiki/Bakkies_Botha
 South Africa,Fourie du Preez,3 tries,https://en.wikipedia.org/wiki/Fourie_du_Preez
 South Africa,Francois Hougaard,3 tries,https://en.wikipedia.org/wiki/Francois_Hougaard
 South Africa,Francois Louw,3 tries,https://en.wikipedia.org/wiki/Francois_Louw
 South Africa,Joe van Niekerk,3 tries,https://en.wikipedia.org/wiki/Joe_van_Niekerk
 South Africa,Gio Aplon,2 tries,https://en.wikipedia.org/wiki/Gio_Aplon
 South Africa,Juan de Jongh,2 tries,https://en.wikipedia.org/wiki/Juan_de_Jongh
 South Africa,Bismarck du Plessis,2 tries,https://en.wikipedia.org/wiki/Bismarck_du_Plessis
 South Africa,Robbie Fleck,2 tries,https://en.wikipedia.org/wiki/Robbie_Fleck
 South Africa,Derick Hougaard,2 tries,https://en.wikipedia.org/wiki/Derick_Hougaard
 South Africa,Deon Kayser,2 tries,https://en.wikipedia.org/wiki/Deon_Kayser
 South Africa,Percy Montgomery,2 tries,https://en.wikipedia.org/wiki/Percy_Montgomery
 South Africa,Ruan Pienaar,2 tries,https://en.wikipedia.org/wiki/Ruan_Pienaar
 South Africa,Bob Skinstad,2 tries,https://en.wikipedia.org/wiki/Bob_Skinstad
 South Africa,Morné Steyn,2 tries,https://en.wikipedia.org/wiki/Morn%C3%A9_Steyn
 South Africa,Albert van den Berg,2 tries,https://en.wikipedia.org/wiki/Albert_van_den_Berg
 South Africa,Jaco van der Westhuyzen,2 tries,https://en.wikipedia.org/wiki/Jaco_van_der_Westhuyzen
 South Africa,André Vos,2 tries,https://en.wikipedia.org/wiki/Andr%C3%A9_Vos
 South Africa,Mark Andrews,1 try,https://en.wikipedia.org/wiki/Mark_Andrews_(rugby_player)
 South Africa,Richard Bands,1 try,https://en.wikipedia.org/wiki/Richard_Bands
 South Africa,Schalk Brits,1 try,https://en.wikipedia.org/wiki/Schalk_Brits
 South Africa,Lood de Jager,1 try,https://en.wikipedia.org/wiki/Lood_de_Jager
 South Africa,Neil de Kock,1 try,https://en.wikipedia.org/wiki/Neil_de_Kock
 South Africa,Damian de Allende,1 try,https://en.wikipedia.org/wiki/Damian_de_Allende
 South Africa,Thinus Delport,1 try,https://en.wikipedia.org/wiki/Thinus_Delport
 South Africa,Eben Etzebeth,1 try,https://en.wikipedia.org/wiki/Eben_Etzebeth
 South Africa,Werner Greeff,1 try,https://en.wikipedia.org/wiki/Werner_Greeff
 South Africa,Pieter Hendriks,1 try,https://en.wikipedia.org/wiki/Pieter_Hendriks
 South Africa,Butch James,1 try,https://en.wikipedia.org/wiki/Butch_James
 South Africa,Jesse Kriel,1 try,https://en.wikipedia.org/wiki/Jesse_Kriel
 South Africa,Ruben Kruger,1 try,https://en.wikipedia.org/wiki/Ruben_Kruger
 South Africa,Ollie le Roux,1 try,https://en.wikipedia.org/wiki/Ollie_le_Roux
 South Africa,Anton Leonard,1 try,https://en.wikipedia.org/wiki/Anton_Leonard
 South Africa,Tendai Mtawarira,1 try,https://en.wikipedia.org/wiki/Tendai_Mtawarira
 South Africa,Jorrie Müller,1 try,https://en.wikipedia.org/w/index.php?title=Jorrie_M%C3%BCller&action=edit&redlink=1
 South Africa,Pieter Muller,1 try,https://en.wikipedia.org/wiki/Pieter_Muller
 South Africa,Lwazi Mvovo,1 try,https://en.wikipedia.org/wiki/Lwazi_Mvovo
 South Africa,Breyton Paulse,1 try,https://en.wikipedia.org/wiki/Breyton_Paulse
 South Africa,Chris Rossouw,1 try,https://en.wikipedia.org/wiki/Chris_Rossouw_(rugby_union_born_1969)
 South Africa,Pieter Rossouw,1 try,https://en.wikipedia.org/wiki/Pieter_Rossouw_(rugby_player)
 South Africa,Hendro Scholtz,1 try,https://en.wikipedia.org/wiki/Hendro_Scholtz
 South Africa,John Smit,1 try,https://en.wikipedia.org/wiki/John_Smit
 South Africa,Gurthrö Steenkamp,1 try,https://en.wikipedia.org/wiki/Gurthr%C3%B6_Steenkamp
 South Africa,Joel Stransky,1 try,https://en.wikipedia.org/wiki/Joel_Stransky
 South Africa,Adriaan Strauss,1 try,https://en.wikipedia.org/wiki/Adriaan_Strauss
 South Africa,Werner Swanepoel,1 try,https://en.wikipedia.org/wiki/Werner_Swanepoel
 South Africa,CJ van der Linde,1 try,https://en.wikipedia.org/wiki/CJ_van_der_Linde
 South Africa,Andre Venter,1 try,https://en.wikipedia.org/wiki/Andre_Venter
 South Africa,Brendan Venter,1 try,https://en.wikipedia.org/wiki/Brendan_Venter
 South Africa,Ashwin Willemse,1 try,https://en.wikipedia.org/wiki/Ashwin_Willemse
 Tonga,Sukanaivalu Hufanga,3 tries,https://en.wikipedia.org/wiki/Sukanaivalu_Hufanga
 Tonga,Pierre Hola,2 tries,https://en.wikipedia.org/wiki/Pierre_Hola
 Tonga,Benhur Kivalu,2 tries,https://en.wikipedia.org/wiki/Benhur_Kivalu
 Tonga,Siale Piutau,2 tries,https://en.wikipedia.org/wiki/Siale_Piutau
 Tonga,Jack Ram,2 tries,https://en.wikipedia.org/wiki/Jack_Ram
 Tonga,Sateki Tuipulotu,2 tries,https://en.wikipedia.org/wiki/Sateki_Tuipulotu
 Tonga,Fetu'u Vainikolo,2 tries,https://en.wikipedia.org/wiki/Fetu%27u_Vainikolo
 Tonga,Viliami Vaki,2 tries,https://en.wikipedia.org/wiki/Viliami_Vaki
 Tonga,Telusa Veainu,2 tries,https://en.wikipedia.org/wiki/Telusa_Veainu
 Tonga,Isileli Fatani,1 try,https://en.wikipedia.org/w/index.php?title=Isileli_Fatani&action=edit&redlink=1
 Tonga,Ipolito Fenukitau,1 try,https://en.wikipedia.org/wiki/Ipolito_Fenukitau
 Tonga,Quddus Fielea,1 try,https://en.wikipedia.org/wiki/Quddus_Fielea
 Tonga,Talai Fifita,1 try,https://en.wikipedia.org/wiki/Talai_Fifita
 Tonga,Latiume Fosita,1 try,https://en.wikipedia.org/wiki/Latiume_Fosita
 Tonga,Pouvalu Latukefu,1 try,https://en.wikipedia.org/wiki/Pouvalu_Latukefu
 Tonga,Heamani Lavaka,1 try,https://en.wikipedia.org/w/index.php?title=Heamani_Lavaka&action=edit&redlink=1
 Tonga,Tukulua Lokotui,1 try,https://en.wikipedia.org/wiki/Tukulua_Lokotui
 Tonga,Viliami Ma'afu,1 try,https://en.wikipedia.org/wiki/Viliami_Ma%27afu
 Tonga,Finau Maka,1 try,https://en.wikipedia.org/wiki/Finau_Maka
 Tonga,Kurt Morath,1 try,https://en.wikipedia.org/wiki/Kurt_Morath
 Tonga,Mana 'Otai,1 try,https://en.wikipedia.org/wiki/Mana_Otai
 Tonga,John Payne,1 try,https://en.wikipedia.org/w/index.php?title=John_Payne_(rugby_union)&action=edit&redlink=1
 Tonga,Kisi Pulu,1 try,https://en.wikipedia.org/wiki/Kisi_Pulu
 Tonga,Hale T-Pole,1 try,https://en.wikipedia.org/wiki/Hale_T-Pole
 Tonga,Epi Taione,1 try,https://en.wikipedia.org/wiki/Epi_Taione
 Tonga,Taunaholo Taufahema,1 try,https://en.wikipedia.org/w/index.php?title=Taunaholo_Taufahema&action=edit&redlink=1
 Tonga,Sona Taumalolo,1 try,https://en.wikipedia.org/wiki/Sona_Taumalolo
 Tonga,Tevita Tiueti,1 try,https://en.wikipedia.org/w/index.php?title=Tevita_Tiueti&action=edit&redlink=1
 Tonga,Soane Tonga'uiha,1 try,https://en.wikipedia.org/wiki/Soane_Tonga%27uiha
 Tonga,Tevita Tu'ifua,1 try,https://en.wikipedia.org/wiki/Tevita_Tu%27ifua
 Tonga,Tevita Va'enuku,1 try,https://en.wikipedia.org/w/index.php?title=Tevita_Va%27enuku&action=edit&redlink=1
 Tonga,Joseph Vaka,1 try,https://en.wikipedia.org/wiki/Joseph_Vaka
 Tonga,Fakahau Valu,1 try,https://en.wikipedia.org/wiki/Fakahau_Valu
 Uruguay,Alfonso Cardoso,2 tries,https://en.wikipedia.org/wiki/Alfonso_Cardoso
 Uruguay,Pablo Lemoine,2 tries,https://en.wikipedia.org/wiki/Pablo_Lemoine
 Uruguay,Carlos Arboleya,1 try,https://en.wikipedia.org/wiki/Carlos_Arboleya
 Uruguay,Nicolas Brignoni,1 try,https://en.wikipedia.org/wiki/Nicolas_Brignoni
 Uruguay,Rodrigo Capó,1 try,https://en.wikipedia.org/wiki/Rodrigo_Cap%C3%B3_Ortega
 Uruguay,Diego Lamelas,1 try,https://en.wikipedia.org/wiki/Diego_Lamelas
 Uruguay,Juan Menchaca,1 try,https://en.wikipedia.org/wiki/Juan_Menchaca
 Uruguay,Agustín Ormaechea,1 try,https://en.wikipedia.org/wiki/Agust%C3%ADn_Ormaechea
 Uruguay,Diego Ormaechea,1 try,https://en.wikipedia.org/wiki/Diego_Ormaechea
 United States,Chris Wyles,4 tries,https://en.wikipedia.org/wiki/Chris_Wyles
 United States,Ray Nelson,3 tries,https://en.wikipedia.org/wiki/Ray_Nelson
 United States,Riaan van Zyl,3 tries,https://en.wikipedia.org/wiki/Riaan_van_Zyl
 United States,Takudzwa Ngwenya,3 tries,https://en.wikipedia.org/wiki/Takudzwa_Ngwenya
 United States,Mike Hercus,2 tries,https://en.wikipedia.org/wiki/Mike_Hercus
 United States,Mike Purcell,2 tries,https://en.wikipedia.org/wiki/Mike_Purcell
 United States,Kort Schubert,2 tries,https://en.wikipedia.org/wiki/Kort_Schubert
 United States,Louis Stanfill,2 tries,https://en.wikipedia.org/wiki/Louis_Stanfill
 United States,Chris Baumann,1 try,https://en.wikipedia.org/wiki/Chris_Baumann
 United States,Kevin Dalzell,1 try,https://en.wikipedia.org/wiki/Kevin_Dalzell
 United States,Philip Eloff,1 try,https://en.wikipedia.org/wiki/Philip_Eloff
 United States,Paul Emerick,1 try,https://en.wikipedia.org/wiki/Paul_Emerick
 United States,JJ Gagiano,1 try,https://en.wikipedia.org/wiki/JJ_Gagiano
 United States,Juan Grobler,1 try,https://en.wikipedia.org/w/index.php?title=Juan_Grobler&action=edit&redlink=1
 United States,Brian Hightower,1 try,https://en.wikipedia.org/w/index.php?title=Brian_Hightower&action=edit&redlink=1
 United States,Kirk Khasigian,1 try,https://en.wikipedia.org/wiki/Kirk_Khasigian
 United States,Gary Lambert,1 try,https://en.wikipedia.org/wiki/Gary_Lambert
 United States,Titi Lamositele,1 try,https://en.wikipedia.org/wiki/Titi_Lamositele
 United States,Dan Lyle,1 try,https://en.wikipedia.org/wiki/Dan_Lyle
 United States,Mike MacDonald,1 try,https://en.wikipedia.org/wiki/Mike_MacDonald_(rugby_union)
 United States,Matekitonga Moeakiola,1 try,https://en.wikipedia.org/wiki/Matekitonga_Moeakiola
 United States,Mike Petri,1 try,https://en.wikipedia.org/wiki/Mike_Petri
 United States,Kurt Shuman,1 try,https://en.wikipedia.org/w/index.php?title=Kurt_Shuman&action=edit&redlink=1
 United States,Kevin Swords,1 try,https://en.wikipedia.org/wiki/Kevin_Swords
 Wales,Shane Williams,10 tries,https://en.wikipedia.org/wiki/Shane_Williams
 Wales,Ieuan Evans,7 tries,https://en.wikipedia.org/wiki/Ieuan_Evans
 Wales,Gareth Thomas,7 tries,https://en.wikipedia.org/wiki/Gareth_Thomas_(rugby_player)
 Wales,Colin Charvis,5 tries,https://en.wikipedia.org/wiki/Colin_Charvis
 Wales,Gareth Davies,5 tries,https://en.wikipedia.org/wiki/Gareth_Davies_(rugby_player_born_1990)
 Wales,Martyn Williams,5 tries,https://en.wikipedia.org/wiki/Martyn_Williams
 Wales,Sonny Parker,4 tries,https://en.wikipedia.org/wiki/Sonny_Parker_(rugby_union)
 Wales,Mark Taylor,4 tries,https://en.wikipedia.org/wiki/Mark_Taylor_(rugby_player)
 Wales,Scott Williams,4 tries,https://en.wikipedia.org/wiki/Scott_Williams_(rugby_player)
 Wales,Cory Allen,3 tries,https://en.wikipedia.org/wiki/Cory_Allen_(rugby_player)
 Wales,Gareth Cooper,3 tries,https://en.wikipedia.org/wiki/Gareth_Cooper
 Wales,Jonathan Davies,3 tries,https://en.wikipedia.org/wiki/Jonathan_Davies_(rugby_player_born_1988)
 Wales,John Devereux,3 tries,https://en.wikipedia.org/wiki/John_Devereux_(rugby)
 Wales,Adrian Hadley,3 tries,https://en.wikipedia.org/wiki/Adrian_Hadley
 Wales,Alun Wyn Jones,3 tries,https://en.wikipedia.org/wiki/Alun_Wyn_Jones
 Wales,Mark Jones,3 tries,https://en.wikipedia.org/wiki/Mark_Jones_(rugby_player_born_1979)
 Wales,George North,3 tries,https://en.wikipedia.org/wiki/George_North
 Wales,Mike Phillips,3 tries,https://en.wikipedia.org/wiki/Mike_Phillips_(rugby_player)
 Wales,Glen Webbe,3 tries,https://en.wikipedia.org/wiki/Glen_Webbe
 Wales,Taulupe Faletau,2 tries,https://en.wikipedia.org/wiki/Taulupe_Faletau
 Wales,Leigh Halfpenny,2 tries,https://en.wikipedia.org/wiki/Leigh_Halfpenny
 Wales,Gareth Roberts,2 tries,https://en.wikipedia.org/wiki/Gareth_Roberts_(rugby_player)
 Wales,Jamie Roberts,2 tries,https://en.wikipedia.org/wiki/Jamie_Roberts
 Wales,Hemi Taylor,2 tries,https://en.wikipedia.org/wiki/Hemi_Taylor
 Wales,Lloyd Williams,2 tries,https://en.wikipedia.org/wiki/Lloyd_Williams_(rugby_union_player_born_1989)
 Wales,Hallam Amos,1 try,https://en.wikipedia.org/wiki/Hallam_Amos
 Wales,Paul Arnold,1 try,https://en.wikipedia.org/wiki/Paul_Arnold_(rugby_player)
 Wales,Scott Baldwin,1 try,https://en.wikipedia.org/wiki/Scott_Baldwin_(rugby_player)
 Wales,Allan Bateman,1 try,https://en.wikipedia.org/wiki/Allan_Bateman
 Wales,Bleddyn Bowen,1 try,https://en.wikipedia.org/wiki/Bleddyn_Bowen
 Wales,Aled Brew,1 try,https://en.wikipedia.org/wiki/Aled_Brew
 Wales,Lloyd Burns,1 try,https://en.wikipedia.org/wiki/Lloyd_Burns
 Wales,Lee Byrne,1 try,https://en.wikipedia.org/wiki/Lee_Byrne
 Wales,Arthur Emyr,1 try,https://en.wikipedia.org/wiki/Arthur_Emyr
 Wales,Scott Gibbs,1 try,https://en.wikipedia.org/wiki/Scott_Gibbs
 Wales,James Hook,1 try,https://en.wikipedia.org/wiki/James_Hook_(rugby_player)
 Wales,Shane Howarth,1 try,https://en.wikipedia.org/wiki/Shane_Howarth
 Wales,Robert Howley,1 try,https://en.wikipedia.org/wiki/Robert_Howley
 Wales,Jonathan Humphreys,1 try,https://en.wikipedia.org/wiki/Jonathan_Humphreys
 Wales,Dafydd James,1 try,https://en.wikipedia.org/wiki/Dafydd_James
 Wales,Gethin Jenkins,1 try,https://en.wikipedia.org/wiki/Gethin_Jenkins
 Wales,Dafydd Jones,1 try,https://en.wikipedia.org/wiki/Dafydd_Jones
 Wales,Robert Jones,1 try,https://en.wikipedia.org/wiki/Robert_Jones_(rugby_player)
 Wales,Stephen Jones,1 try,https://en.wikipedia.org/wiki/Stephen_Jones_(rugby_player)
 Wales,Samson Lee,1 try,https://en.wikipedia.org/wiki/Samson_Lee
 Wales,David Llewellyn,1 try,https://en.wikipedia.org/wiki/David_Llewellyn_(rugby_player)
 Wales,Andrew Moore,1 try,https://en.wikipedia.org/wiki/Andrew_Moore_(rugby_player)
 Wales,Kevin Morgan,1 try,https://en.wikipedia.org/wiki/Kevin_Morgan_(rugby_player)
 Wales,Paul Moriarty,1 try,https://en.wikipedia.org/wiki/Paul_Moriarty_(rugby)
 Wales,Alan Phillips,1 try,https://en.wikipedia.org/wiki/Alan_Phillips_(rugby)
 Wales,Alix Popham,1 try,https://en.wikipedia.org/wiki/Alix_Popham
 Wales,Mark Ring,1 try,https://en.wikipedia.org/wiki/Mark_Ring
 Wales,Jonathan Thomas,1 try,https://en.wikipedia.org/wiki/Jonathan_Thomas
 Wales,T. Rhys Thomas,1 try,https://en.wikipedia.org/wiki/T._Rhys_Thomas
 Wales,Justin Tipuric,1 try,https://en.wikipedia.org/wiki/Justin_Tipuric
 Wales,Sam Warburton,1 try,https://en.wikipedia.org/wiki/Sam_Warburton
 Zimbabwe,Richard Tsimba,3 tries,https://en.wikipedia.org/wiki/Richard_Tsimba
 Zimbabwe,Adrian Garvey,2 tries,https://en.wikipedia.org/wiki/Adrian_Garvey
 Zimbabwe,Dirk Buitendag,1 try,https://en.wikipedia.org/w/index.php?title=Dirk_Buitendag&action=edit&redlink=1
 Zimbabwe,Brendon Dawson,1 try,https://en.wikipedia.org/wiki/Brendon_Dawson
 Zimbabwe,Peter Kaulbach,1 try,https://en.wikipedia.org/w/index.php?title=Peter_Kaulbach&action=edit&redlink=1
 Zimbabwe,Mark Neill,1 try,https://en.wikipedia.org/w/index.php?title=Mark_Neill&action=edit&redlink=1
 Zimbabwe,Honeywell Nguruve,1 try,https://en.wikipedia.org/w/index.php?title=Honeywell_Nguruve&action=edit&redlink=1
 Zimbabwe,William Schultz,1 try,https://en.wikipedia.org/w/index.php?title=William_Schultz_(rugby_player)&action=edit&redlink=1
 Zimbabwe,Conor Shearer,1 try,https://en.wikipedia.org/w/index.php?title=Conor_Shearer&action=edit&redlink=1
 Zimbabwe,"Stephen ""Bubs"" Lynch",1 try,https://en.wikipedia.org/w/index.php?title=Stephen_%22Bubs%22_Lynch&action=edit&redlink=1
